order_id,order_item_id,existing_profit,calculated_profit,difference,existing_margin,calculated_margin,existing_roi,calculated_roi
114-5537189-7733816,7314,-706.02,-11.28,694.74,None,NULL,-108.68,-1.76
114-9043836-5068267,6211,-56.07,-46.38,9.69,-23.22,-19.21,-21.86,-18.79
111-0157472-9802678,9263,-1.27,0.00,1.27,-14.98,0.00,None,NULL
113-3330753-8142631,5677,-0.59,6.97,7.56,-2.71,31.97,-3.09,60.29
111-2165013-7109809,5699,-1047.29,-1029.33,17.96,-129.15,-126.94,-60.31,-59.89
111-4331506-3705850,8440,29.24,-8.52,-37.76,80.18,-19.86,404.43,NULL
113-7932142-8179467,8279,127.97,-53.75,-181.72,18.55,-6.62,22.77,-10.09
111-4376243-2709010,7966,52.07,0.00,-52.07,73.33,0.00,None,NULL
111-9890938-7949832,8228,-8.29,0.00,8.29,None,NULL,None,NULL
112-5895531-0325027,5696,-172.14,-165.65,6.49,-63.51,-61.11,-42.76,-41.83
112-4750678-6238639,7359,12.86,-18.80,-31.66,6.44,-9.41,7.89,-12.62
113-8369792-3504222,7351,-15.2,-6.62,8.58,0.0,NULL,-340.04,NULL
111-3107789-4465809,7364,19.12,-4.71,-23.83,None,-3.00,None,-4.12
111-1261729-6389002,8728,82.63,0.00,-82.63,79.16,0.00,None,NULL
114-7645314-9651412,8017,11.1,-13.17,-24.27,19.98,-20.15,24.97,-39.62
111-9972904-3514632,5668,-899.09,-840.04,59.05,-305.88,-285.79,-78.25,-77.08
111-8274361-6892203,7256,12.05,-1.70,-13.75,None,-3.81,None,-7.05
112-4552563-4637061,7531,18.5,-4.80,-23.30,11.57,-3.00,15.76,-4.09
114-6885642-0727460,10155,-8.48,0.00,8.48,None,NULL,None,NULL
114-0898455-0496220,1083,-10.51,-5.68,4.83,0.0,NULL,-235.12,NULL
113-5205861-5551457,8442,21.67,-11.51,-33.18,20.0,-9.03,25.0,-14.57
113-5316254-4227429,7293,12.66,-3.50,-16.16,None,-3.00,None,-4.04
113-2594123-0577009,8267,-9.1,-10.19,-1.09,-7.62,-8.54,-8.75,-9.80
112-2923148-6796216,8283,-72.61,-20.96,51.65,-43.69,-12.61,-36.69,-10.59
112-4161075-0160220,5708,102.95,0.00,-102.95,85.0,0.00,None,NULL
112-0347440-0890648,8181,15.29,-9.40,-24.69,23.93,-12.50,31.45,-22.67
114-4851172-9304227,10156,-8.48,0.00,8.48,None,NULL,None,NULL
112-5368245-3138669,8612,54.71,0.00,-54.71,62.28,0.00,None,NULL
114-8957641-7733043,5720,66.95,0.00,-66.95,None,0.00,None,NULL
114-9841779-6169068,10157,-8.48,0.00,8.48,None,NULL,None,NULL
111-8562281-9156201,8056,42.82,0.00,-42.82,17.0,0.00,25.01,0.00
112-4728120-9159419,5744,77.63,0.00,-77.63,None,0.00,None,NULL
111-6921661-2992252,975,-17.71,-10.47,7.24,0.0,NULL,-204.5,NULL
113-8441056-2326649,7113,-139.8,-31.68,108.12,None,NULL,-156.59,-35.48
112-0990786-7994667,7439,-8.46,-5.39,3.07,0.0,NULL,-183.12,NULL
113-8077977-5878640,8006,12.86,0.00,-12.86,19.68,0.00,38.69,0.00
113-3023810-1973038,5766,-338.97,-289.23,49.74,-89.63,-76.48,-51.33,-47.36
113-1994859-3077016,5769,-57.31,-48.74,8.57,-44.37,-37.74,-34.3,-30.74
112-1349491-3473004,5781,-3829.13,-3677.33,151.80,-654.7,-628.74,-88.51,-88.09
111-7634040-4137841,5709,146.85,0.00,-146.85,11.48,0.00,15.0,0.00
111-8046941-2875460,8063,5.16,-5.97,-11.13,44.03,-43.29,78.66,-597.00
114-3187484-9129813,8146,156.82,0.00,-156.82,84.06,0.00,None,NULL
113-2972767-5379419,8362,15.12,-11.01,-26.13,19.3,-11.94,23.91,-20.02
112-6431235-1124238,5662,-494.74,-476.40,18.34,-132.82,-127.90,-59.08,-58.16
112-2970905-7295434,5675,16.74,0.00,-16.74,13.23,0.00,18.8,0.00
114-8233355-8194617,5683,6.57,0.00,-6.57,15.28,0.00,21.91,0.00
113-5625239-9853054,7365,7.24,-1.65,-8.89,None,-3.00,None,-4.18
112-9953428-8849037,5734,-998.61,-985.37,13.24,-116.63,-115.08,-57.84,-57.52
112-2246083-9089833,5738,-117.89,-110.72,7.17,-46.57,-43.74,-35.59,-34.16
111-0072522-7975415,5741,-125.38,-116.40,8.98,-39.43,-36.61,-30.0,-28.46
111-3497455-7280260,7457,43.41,0.00,-43.41,None,0.00,None,NULL
111-2883634-7315453,7390,11.02,0.00,-11.02,None,0.00,None,0.00
111-0711220-9920230,5736,113.15,0.00,-113.15,85.0,0.00,None,NULL
112-6435401-1867442,7410,54.05,0.00,-54.05,None,0.00,None,0.00
113-3072383-0514602,7434,15.69,0.00,-15.69,None,0.00,None,0.00
112-2207153-5957807,7442,17.07,0.00,-17.07,None,0.00,None,0.00
112-6426562-7753021,8237,48.23,0.00,-48.23,77.79,0.00,None,NULL
113-4313236-9322666,5760,9.76,0.00,-9.76,8.25,0.00,10.96,0.00
112-7304840-6481844,9693,174.45,-9.60,-184.05,97.37,-4.72,3703.82,NULL
114-6260615-5313869,8235,7.95,0.00,-7.95,26.2,0.00,35.51,0.00
111-7270280-1409816,5775,-292.51,-276.51,16.00,-127.57,-120.59,-60.01,-58.66
114-1099668-5887412,5780,456.72,0.00,-456.72,81.95,0.00,1304.91,0.00
111-4178191-8313008,5802,-144.1,-132.35,11.75,-57.21,-52.55,-40.23,-38.20
114-8475448-0061836,5800,65.63,0.00,-65.63,None,0.00,None,NULL
113-0748027-4420267,8290,19.77,0.00,-19.77,20.0,0.00,25.0,0.00
113-6856150-7747461,7557,40.39,0.00,-40.39,None,0.00,None,NULL
113-8329553-6773049,8292,235.51,0.00,-235.51,82.11,0.00,None,NULL
111-8146013-3541813,7537,73.77,0.00,-73.77,None,0.00,None,NULL
114-4615457-5345836,5804,-151.82,-144.56,7.26,-50.52,-48.10,-37.28,-36.14
113-6703273-3191454,6610,-102.89,-3.35,99.54,None,NULL,-119.46,-3.89
113-2301235-4865844,5806,88.93,0.00,-88.93,None,0.00,None,NULL
113-4133574-6677067,8289,-968.79,0.00,968.79,-143.15,0.00,-62.74,0.00
114-2725976-3797809,7930,-8.29,0.00,8.29,None,NULL,None,NULL
114-0164021-7086600,5820,9.76,0.00,-9.76,8.25,0.00,10.96,0.00
112-0923578-8853807,5823,158.36,0.00,-158.36,84.04,0.00,1055.73,0.00
113-0625995-3000258,8241,29.45,-14.47,-43.92,21.95,-9.17,28.13,-15.23
113-9649682-6213039,5831,-38.5,-31.16,7.34,-26.37,-21.34,-23.68,-20.07
112-5652904-1785044,6002,146.85,0.00,-146.85,11.48,0.00,15.0,0.00
112-5593413-7552203,9520,9.35,0.00,-9.35,44.57,0.00,None,NULL
114-7921743-3665024,8207,47.39,0.00,-47.39,26.76,0.00,36.53,0.00
113-5644932-1242662,5808,-12327.5,-12175.69,151.81,-871.82,-861.08,-91.12,-91.02
114-5935165-5509856,5822,928.2,0.00,-928.20,None,0.00,None,NULL
114-9290269-4830628,7933,84.5,0.00,-84.50,85.0,0.00,None,NULL
114-7977588-8547423,5828,20.03,0.00,-20.03,28.01,0.00,49.17,0.00
113-2069341-3097048,7915,97.07,0.00,-97.07,85.0,0.00,None,NULL
111-2512141-2893827,5829,35.22,0.00,-35.22,26.89,0.00,46.26,0.00
114-6789928-7557068,5834,46.81,0.00,-46.81,None,0.00,None,NULL
112-4389394-6374660,926,119.37,0.00,-119.37,80.08,0.00,None,NULL
112-6849321-0936229,7257,11.67,-5.63,-17.30,23.1,-11.14,37.32,-20.73
113-0248956-5556222,7913,37.18,-10.91,-48.09,17.97,-5.27,25.43,-7.79
111-3049057-2030632,7323,-99.86,-92.52,7.34,-57.05,-52.86,-40.16,-38.34
113-6033686-1871465,7922,53.1,0.00,-53.10,18.15,0.00,26.55,0.00
112-0276175-5088207,5835,20.4,0.00,-20.40,None,0.00,None,NULL
114-9522063-7085031,5836,20.4,0.00,-20.40,None,0.00,None,NULL
113-7571443-6595425,5837,20.4,0.00,-20.40,None,0.00,None,NULL
114-5908574-0157063,5838,20.4,0.00,-20.40,None,0.00,None,NULL
114-8304178-9584236,5839,20.4,0.00,-20.40,None,0.00,None,NULL
114-8765725-2415430,5840,20.4,0.00,-20.40,None,0.00,None,NULL
114-8958631-7860204,5841,20.4,0.00,-20.40,None,0.00,None,NULL
113-1739690-0714607,5842,20.4,0.00,-20.40,None,0.00,None,NULL
114-5166450-8176219,5843,20.4,0.00,-20.40,None,0.00,None,NULL
111-6374761-8468200,5844,20.4,0.00,-20.40,None,0.00,None,NULL
114-0664260-1815417,5845,20.4,0.00,-20.40,None,0.00,None,NULL
112-2696761-0475448,7367,4.4,-9.00,-13.40,8.92,-18.25,11.73,-30.01
114-7024085-7197007,8057,63.36,0.00,-63.36,85.0,0.00,None,NULL
111-1022363-2782628,5852,81.6,0.00,-81.60,85.0,0.00,None,NULL
114-0813457-6290660,5853,40.8,0.00,-40.80,85.0,0.00,None,NULL
112-6148314-9741041,5855,102.0,0.00,-102.00,85.0,0.00,None,NULL
111-1839680-0573814,5856,63.15,0.00,-63.15,88.0,0.00,None,NULL
113-2827778-1369010,5846,20.4,0.00,-20.40,None,0.00,None,NULL
112-4038902-2125062,5849,20.4,0.00,-20.40,None,0.00,None,NULL
112-8352874-4801822,5850,20.4,0.00,-20.40,None,0.00,None,NULL
112-8446053-7757853,5851,20.4,0.00,-20.40,None,0.00,None,NULL
114-7257364-6632255,5863,20.4,0.00,-20.40,None,0.00,None,NULL
112-4038878-1301814,5854,20.4,0.00,-20.40,None,0.00,None,NULL
112-6729563-6525856,5857,20.4,0.00,-20.40,None,0.00,None,NULL
111-4763029-3869046,5858,61.2,0.00,-61.20,85.0,0.00,None,NULL
111-7263011-5109000,5867,126.3,0.00,-126.30,88.0,0.00,None,NULL
111-7264577-4152264,5859,31.57,0.00,-31.57,None,0.00,None,NULL
112-2171799-8890628,5860,20.4,0.00,-20.40,None,0.00,None,NULL
112-5630545-8402634,5861,20.4,0.00,-20.40,None,0.00,None,NULL
111-7501450-4849018,5864,31.57,0.00,-31.57,None,0.00,None,NULL
114-2011918-3006661,5865,31.57,0.00,-31.57,None,0.00,None,NULL
111-5053889-2410659,5866,31.57,0.00,-31.57,None,0.00,None,NULL
113-3803823-8609041,5868,31.57,0.00,-31.57,None,0.00,None,NULL
114-1222982-3559443,5869,20.4,0.00,-20.40,None,0.00,None,NULL
113-5464355-4416239,5870,386.58,0.00,-386.58,None,0.00,None,NULL
113-8051040-7325054,5872,20.4,0.00,-20.40,None,0.00,None,NULL
112-7465324-6602640,8153,-7.0,0.00,7.00,None,NULL,None,NULL
111-0912328-1369828,7441,7.83,-1.53,-9.36,None,-3.01,None,-4.32
113-8058559-8574659,5873,134.6,0.00,-134.60,88.0,0.00,None,NULL
113-0774796-3933816,5875,102.0,0.00,-102.00,85.0,0.00,None,NULL
113-2206031-1066633,5879,264.99,0.00,-264.99,85.0,0.00,None,NULL
113-1519404-8913866,5880,86.57,0.00,-86.57,88.0,0.00,None,NULL
113-2876069-3596229,5881,78.13,0.00,-78.13,88.0,0.00,None,NULL
114-8039823-3787407,5874,116.15,0.00,-116.15,None,0.00,None,NULL
114-5081800-8077056,7983,15.25,-9.02,-24.27,23.34,-13.80,37.84,-27.14
114-0149397-1088270,6517,-232.43,-18.49,213.94,None,NULL,-124.25,-9.88
113-6930227-9573009,7343,-60.12,-2.13,57.99,None,NULL,-121.53,-4.31
112-3204432-1813806,8178,-7.34,0.00,7.34,None,NULL,None,NULL
111-7524263-9587417,5882,20.4,0.00,-20.40,None,0.00,None,NULL
112-2231376-3797818,8454,21.93,0.00,-21.93,20.01,0.00,25.01,0.00
111-6257178-7914655,7540,20.04,0.00,-20.04,None,0.00,None,0.00
112-9007550-0828258,6543,76.7,0.00,-76.70,92.0,0.00,None,NULL
113-2859141-1172201,6904,-41.95,-1.44,40.51,None,NULL,-120.65,-4.14
113-5466675-2226636,8613,63.37,-13.54,-76.91,30.7,-5.58,44.3,-9.90
111-3287779-8988243,8623,114.05,-24.63,-138.68,31.15,-5.72,45.24,-10.25
114-9091091-2591455,8150,-25.17,0.00,25.17,None,NULL,None,NULL
113-9800999-5143407,8035,63.61,0.00,-63.61,75.2,0.00,767.31,NULL
113-5623271-5360261,5883,32.73,0.00,-32.73,None,0.00,None,NULL
111-8377263-2371443,5884,32.73,0.00,-32.73,None,0.00,None,NULL
114-7740575-5720210,5885,32.73,0.00,-32.73,None,0.00,None,NULL
112-5063274-5181059,8743,5.7,0.00,-5.70,8.18,0.00,8.91,0.00
112-7970957-9658631,7894,89.76,0.00,-89.76,77.17,0.00,None,NULL
113-8571873-4522601,7919,559.18,0.00,-559.18,88.0,0.00,None,NULL
114-2690391-7103468,9277,11.85,0.00,-11.85,8.47,0.00,9.25,0.00
114-5240364-7507401,5887,65.45,0.00,-65.45,87.99,0.00,None,NULL
113-5353504-1184254,8519,22.96,0.00,-22.96,20.0,0.00,25.0,0.00
114-5441409-9303404,5886,32.73,0.00,-32.73,None,0.00,None,NULL
111-9804818-6284207,6267,18.22,0.00,-18.22,None,0.00,None,NULL
113-8028868-3561044,8456,16.54,-9.59,-26.13,21.11,-10.40,26.76,-17.44
113-6555106-7253012,6298,32.16,0.00,-32.16,17.87,0.00,27.02,0.00
114-1187817-9463448,6301,5.4,0.00,-5.40,11.09,0.00,15.0,0.00
111-2598910-5453858,9644,49.39,-13.58,-62.97,39.84,-9.18,66.22,-20.64
113-6611027-0396226,7240,-27.62,-5.92,21.70,None,NULL,-150.19,-32.19
112-9241753-2643445,8457,16.54,-9.59,-26.13,21.11,-10.40,26.76,-17.44
113-8220544-9696265,7027,-82.51,-7.09,75.42,None,NULL,-114.66,-9.85
113-6375889-5731408,8625,218.48,0.00,-218.48,85.05,0.00,None,NULL
114-6609839-3504244,6277,24.26,0.00,-24.26,None,0.00,None,NULL
114-6637408-7446629,8628,11.25,-10.54,-21.79,17.29,-13.77,20.91,-23.13
113-0052145-5327433,5888,739.41,0.00,-739.41,85.0,0.00,None,NULL
113-6285755-0419457,8298,15.21,0.00,-15.21,32.59,0.00,48.35,0.00
114-4417148-5602624,5924,-1666.2,-1632.32,33.88,-229.93,-225.26,-73.01,-72.60
112-4118010-7286649,5904,250.83,0.00,-250.83,None,0.00,None,NULL
113-0169428-3348232,8198,-103.94,0.00,103.94,None,NULL,None,NULL
112-6645899-0914637,8524,18.12,-8.59,-26.71,26.19,-10.55,35.49,-19.13
112-9727154-3061026,9275,108.7,0.00,-108.70,78.2,0.00,None,NULL
113-6462593-4185001,5921,32.87,0.00,-32.87,10.96,0.00,13.53,0.00
111-1832389-3665865,5922,-1535.15,-1182.35,352.80,-178.52,-137.50,-67.74,-61.80
114-3518851-6721009,9385,35.49,0.00,-35.49,71.02,0.00,None,NULL
112-2252260-6058618,5930,-322.94,-314.94,8.00,-57.72,-56.29,-38.88,-38.28
113-7166851-8201040,5931,-108.94,-101.51,7.43,-45.01,-41.94,-32.85,-31.31
112-3226358-8686602,6300,49.86,0.00,-49.86,17.5,0.00,23.49,0.00
113-7252590-6474621,5913,75.18,0.00,-75.18,75.2,0.00,767.14,0.00
113-8364079-2518660,8749,15.0,0.00,-15.00,84.99,0.00,None,NULL
111-4003111-6115448,8238,84.83,0.00,-84.83,75.72,0.00,None,NULL
111-4046542-3134647,7164,-48.67,-0.91,47.76,None,NULL,-110.34,-2.06
113-4901441-2868264,5953,8.82,0.00,-8.82,18.01,0.00,26.89,0.00
111-5385234-9051418,8226,898.59,0.00,-898.59,84.81,0.00,None,NULL
114-4134345-4099465,5956,-59.48,-52.05,7.43,-42.49,-37.18,-33.33,-30.43
111-9867257-6591401,5969,1.57,0.00,-1.57,1.43,0.00,1.7,0.00
113-1549638-4157856,8047,46.1,0.00,-46.10,70.54,0.00,None,NULL
113-5831259-3439416,5934,-1.11,0.00,1.11,-1.8,0.00,-2.07,0.00
112-5909982-0771429,5936,-85.28,-73.17,12.11,-53.25,-45.69,-38.52,-34.96
113-8306801-8231402,9936,27.13,0.00,-27.13,69.12,0.00,None,NULL
114-3259594-1245031,8856,11.99,-13.13,-25.12,11.33,-10.54,12.77,-15.54
113-3283271-1773021,5943,323.19,0.00,-323.19,None,0.00,None,NULL
112-8659073-8819431,8159,-57.8,0.00,57.80,None,NULL,None,NULL
114-5143512-4645854,8943,-36.77,-10.32,26.45,-40.07,-11.25,-34.3,-9.63
114-1365379-3187405,8753,29.75,-1.05,-30.80,85.0,-3.00,None,NULL
111-8742482-7804251,8303,-7.66,0.00,7.66,-29.17,0.00,-22.58,0.00
112-6526700-4202666,8379,50.98,-12.51,-63.49,38.1,-7.95,61.54,-16.67
111-0569002-1097003,5961,135.81,0.00,-135.81,None,0.00,None,NULL
114-6612799-1212257,8637,-36.85,0.00,36.85,None,NULL,None,NULL
114-3997821-9554628,5962,37.91,0.00,-37.91,13.63,0.00,17.97,0.00
114-3270711-6825047,9723,-10.63,0.00,10.63,None,NULL,None,NULL
114-0997992-6627455,5974,54.99,0.00,-54.99,None,0.00,None,NULL
114-8062517-1123445,972,4.7,-10.21,-14.91,4.15,-9.02,4.73,-11.22
114-5791306-5822645,8857,16.83,0.00,-16.83,18.28,0.00,22.37,0.00
113-8081439-6641058,8532,13.32,0.00,-13.32,24.33,0.00,32.15,0.00
112-3689506-2186649,6054,-207.05,-145.07,61.98,-48.19,-33.76,-36.18,-28.43
112-3671114-7681040,5973,-382.76,-346.13,36.63,-182.86,-165.36,-68.27,-66.05
114-6360110-8894626,8842,23.48,0.00,-23.48,34.15,0.00,51.86,0.00
112-0730374-3225001,8305,31.35,-10.98,-42.33,32.62,-9.71,48.41,-19.21
111-3442221-0957065,6636,-291.9,-283.33,8.57,-51.14,-49.64,-37.56,-36.87
113-3854551-0558655,8369,38.51,0.00,-38.51,90.36,0.00,936.98,NULL
113-5704121-9981864,6076,36.26,0.00,-36.26,12.03,0.00,16.48,0.00
114-9123694-1820261,6077,-27.01,-22.58,4.43,-20.54,-17.17,-19.46,-16.81
112-0874910-9005807,8948,4.03,-9.81,-13.84,9.06,-18.75,9.97,-30.48
112-0013019-1801876,8382,101.91,0.00,-101.91,79.04,0.00,None,NULL
111-2342361-0649051,6087,10.81,0.00,-10.81,9.17,0.00,12.09,0.00
114-9608357-8531462,9832,-10.63,0.00,10.63,None,NULL,None,NULL
111-3971234-7961039,9347,258.5,-11.80,-270.30,98.24,-3.95,5595.24,NULL
112-6682109-3919425,8540,41.37,0.00,-41.37,89.95,0.00,895.45,NULL
111-2709487-2403423,8263,13.05,-10.34,-23.39,30.1,-20.27,43.07,-48.12
114-7591773-2867410,8862,74.4,0.00,-74.40,69.75,0.00,None,NULL
111-6691365-4325827,6123,-291.38,-283.07,8.31,-51.05,-49.59,-37.52,-36.85
113-1908855-7367455,6150,404.02,0.00,-404.02,31.88,0.00,60.0,0.00
113-1522195-5457807,6066,-209.46,-147.48,61.98,-48.75,-34.33,-36.45,-28.77
111-4954358-5080205,6133,-31.7,-23.70,8.00,-25.51,-19.07,-23.08,-18.32
112-3332427-0344262,6165,20.48,0.00,-20.48,32.37,0.00,61.52,0.00
113-3187863-4166600,6009,2.21,0.00,-2.21,3.11,0.00,3.79,0.00
113-4936152-9597808,6011,-66.49,-59.32,7.17,-33.78,-30.13,-28.44,-26.17
111-5816582-0126668,8543,108.73,0.00,-108.73,75.56,0.00,309.16,NULL
113-2601004-1691427,6013,2.55,0.00,-2.55,3.58,0.00,4.4,0.00
113-3737359-8574637,9545,170.5,-9.40,-179.90,97.36,-4.72,3690.48,NULL
114-2706343-9566601,6016,4.26,0.00,-4.26,7.7,0.00,9.96,0.00
114-0928368-1333021,6017,-67.96,-62.81,5.15,-36.49,-33.73,-30.04,-28.41
112-0686923-3072242,9167,361.08,0.00,-361.08,85.98,0.00,None,NULL
113-9127060-3805817,1015,10.9,-7.40,-18.30,14.94,-10.14,19.39,-14.81
111-8839532-2029035,8544,7.41,0.00,-7.41,15.25,0.00,17.99,0.00
111-7241322-9502649,6039,-10909.49,-10643.18,266.31,-537.65,-524.53,-85.93,-85.63
112-9648321-7942600,6040,371.34,0.00,-371.34,88.0,0.00,None,NULL
112-5873330-6734653,6044,-68.9,-63.28,5.62,-37.0,-33.98,-30.33,-28.56
113-0712170-2982622,6050,-1472.46,-1333.71,138.75,-314.35,-284.73,-78.72,-77.01
114-1849728-3337821,6057,12.0,0.00,-12.00,25.55,0.00,40.91,0.00
113-6012924-4473006,9351,90.74,0.00,-90.74,76.25,0.00,None,NULL
111-2547044-5678633,6061,301.6,0.00,-301.60,89.91,0.00,None,NULL
111-6876354-4937012,6071,191.39,0.00,-191.39,None,0.00,None,NULL
114-9334281-3261852,6274,24.26,0.00,-24.26,None,0.00,None,NULL
114-9526668-3967436,6208,8.53,0.00,-8.53,17.07,0.00,25.13,0.00
113-6551208-1994632,6084,-537.29,-524.85,12.44,-96.87,-94.62,-52.4,-51.81
112-3119472-6151438,8389,-5.32,0.00,5.32,None,NULL,None,NULL
112-1053484-6602610,6089,71.25,0.00,-71.25,None,0.00,None,NULL
114-1025101-4203438,6103,217.49,0.00,-217.49,None,0.00,None,NULL
114-5566528-9221843,6108,94.84,0.00,-94.84,None,0.00,None,NULL
112-0971330-8652208,6115,81.69,0.00,-81.69,None,0.00,None,NULL
112-7794031-7621015,6118,346.15,0.00,-346.15,None,0.00,None,NULL
112-5823370-9783402,8390,38.51,0.00,-38.51,73.69,0.00,None,NULL
113-5513394-9694638,6116,163.39,0.00,-163.39,85.0,0.00,None,NULL
113-4866789-8361044,6275,18.22,0.00,-18.22,None,0.00,None,NULL
113-7131032-5505819,6129,67.92,0.00,-67.92,None,0.00,None,NULL
114-6560050-9162611,6276,18.22,0.00,-18.22,None,0.00,None,NULL
111-2025469-5701042,6180,13.84,0.00,-13.84,None,0.00,None,NULL
111-9851145-2790647,6181,13.84,0.00,-13.84,None,0.00,None,NULL
112-7009440-8400231,6227,18.22,0.00,-18.22,None,0.00,None,NULL
113-7249965-1080215,6146,-1278.16,0.00,1278.16,-138.25,0.00,-61.93,0.00
111-7352221-3030659,6152,-3781.86,-3667.11,114.75,-311.53,-302.07,-78.56,-78.04
111-9434679-0925069,8391,54.01,0.00,-54.01,74.83,0.00,None,NULL
112-9257704-4159457,8475,14.21,-5.32,-19.53,32.99,-11.36,49.24,-21.90
112-8630201-5538607,6187,25.51,0.00,-25.51,None,0.00,None,NULL
112-5626260-7241013,6188,25.51,0.00,-25.51,None,0.00,None,NULL
113-8954958-6458664,6190,25.51,0.00,-25.51,None,0.00,None,NULL
112-5466648-1924268,8476,15.77,-11.66,-27.43,17.53,-11.41,21.26,-17.95
112-0218390-7443400,6191,25.51,0.00,-25.51,None,0.00,None,NULL
111-1823708-8142669,6192,25.51,0.00,-25.51,None,0.00,None,NULL
114-8632331-8271448,6157,-82191.75,-76374.96,5816.79,-2858.84,-2656.52,-97.11,-96.90
112-3000220-0417067,6189,127.54,0.00,-127.54,85.0,0.00,None,NULL
114-6066700-9813868,6193,25.51,0.00,-25.51,None,0.00,None,NULL
111-5521006-5900257,6194,51.02,0.00,-51.02,85.0,0.00,None,NULL
111-0075487-7262622,6195,25.51,0.00,-25.51,None,0.00,None,NULL
114-9229600-9517067,6200,25.51,0.00,-25.51,None,0.00,None,NULL
112-8359912-7137015,6201,30.42,0.00,-30.42,None,0.00,None,NULL
113-1527271-4657814,6203,25.51,0.00,-25.51,None,0.00,None,NULL
111-9470295-0722637,8961,5.14,-5.30,-10.44,15.59,-13.66,18.46,-22.36
112-9886186-6060202,8195,-7.34,0.00,7.34,None,NULL,None,NULL
114-1668821-9072208,6204,25.51,0.00,-25.51,None,0.00,None,NULL
114-7342642-2320248,6205,25.51,0.00,-25.51,None,0.00,None,NULL
114-8464512-3267456,6206,25.51,0.00,-25.51,None,0.00,None,NULL
112-2776523-4268209,6202,51.02,0.00,-51.02,85.0,0.00,None,NULL
111-5671710-4732261,6212,601.81,0.00,-601.81,None,0.00,None,NULL
112-7575930-0898637,6213,1.35,0.00,-1.35,None,0.00,None,NULL
114-4289855-2425862,6207,76.53,0.00,-76.53,85.0,0.00,None,NULL
113-9698407-7529843,9174,748.53,0.00,-748.53,87.12,0.00,None,NULL
112-8249593-4133014,6214,1.35,0.00,-1.35,None,0.00,None,NULL
112-7619956-3633811,6215,1.35,0.00,-1.35,None,0.00,None,NULL
113-1971454-6245036,6216,1.35,0.00,-1.35,None,0.00,None,NULL
111-3498033-6052267,6217,1.35,0.00,-1.35,None,0.00,None,NULL
112-9377418-2497863,6245,14.5,0.00,-14.50,None,0.00,None,NULL
114-8886333-1302652,6219,1.35,0.00,-1.35,None,0.00,None,NULL
112-3394981-8150629,6220,1.35,0.00,-1.35,None,0.00,None,NULL
113-5921701-2892267,6222,1.35,0.00,-1.35,None,0.00,None,NULL
113-5502628-9614653,6223,1.35,0.00,-1.35,None,0.00,None,NULL
111-8162440-8013013,6224,1.35,0.00,-1.35,None,0.00,None,NULL
112-9743363-2829828,6218,29.04,0.00,-29.04,88.0,0.00,None,NULL
113-8520871-5271407,6226,1.35,0.00,-1.35,None,0.00,None,NULL
112-4838912-0550629,6229,18.22,0.00,-18.22,None,0.00,None,NULL
113-5530996-1904209,6230,18.22,0.00,-18.22,None,0.00,None,NULL
114-1197170-5881826,6231,18.22,0.00,-18.22,None,0.00,None,NULL
112-0894087-0624267,6232,18.22,0.00,-18.22,None,0.00,None,NULL
112-6421150-2205050,6233,18.22,0.00,-18.22,None,0.00,None,NULL
112-2823338-9366620,6234,14.5,0.00,-14.50,None,0.00,None,NULL
112-5380308-0059438,6235,14.5,0.00,-14.50,None,0.00,None,NULL
111-7731201-9963421,6236,14.5,0.00,-14.50,None,0.00,None,NULL
112-9303803-4318652,6237,14.5,0.00,-14.50,None,0.00,None,NULL
113-3162301-0982625,6238,14.5,0.00,-14.50,None,0.00,None,NULL
111-6599315-9967464,9063,11.32,-10.94,-22.26,12.74,-10.84,14.6,-15.86
113-7488048-2485018,6239,14.5,0.00,-14.50,None,0.00,None,NULL
114-4092256-5587430,6240,14.5,0.00,-14.50,None,0.00,None,NULL
114-0079055-0321042,6241,14.5,0.00,-14.50,None,0.00,None,NULL
111-2765887-3987468,6242,14.5,0.00,-14.50,None,0.00,None,NULL
111-9390005-4711427,6243,14.5,0.00,-14.50,None,0.00,None,NULL
111-2348024-3764229,6247,14.5,0.00,-14.50,None,0.00,None,NULL
112-9034046-4194612,6248,14.5,0.00,-14.50,None,0.00,None,NULL
114-0103859-5384261,6249,14.5,0.00,-14.50,None,0.00,None,NULL
112-6339120-3336238,6250,14.5,0.00,-14.50,None,0.00,None,NULL
113-5075901-0030635,6251,14.5,0.00,-14.50,None,0.00,None,NULL
114-8223186-0101859,8958,0.23,-10.01,-10.24,0.68,-25.01,0.68,-40.06
114-6737306-6842633,6577,9.61,0.00,-9.61,None,0.00,None,0.00
111-5551722-1913050,8559,23.23,0.00,-23.23,25.85,0.00,34.87,0.00
112-6257281-6071435,6252,14.5,0.00,-14.50,None,0.00,None,NULL
112-6227127-4889809,6253,14.5,0.00,-14.50,None,0.00,None,NULL
114-1040795-8461053,6254,14.5,0.00,-14.50,None,0.00,None,NULL
113-4985134-1445842,6255,14.5,0.00,-14.50,None,0.00,None,NULL
111-1530536-5221824,6256,14.5,0.00,-14.50,None,0.00,None,NULL
114-4604918-9241839,6151,80.8,0.00,-80.80,31.87,0.00,60.0,0.00
113-1712070-1597069,6257,14.5,0.00,-14.50,None,0.00,None,NULL
113-0503987-8801806,9067,19.75,-10.68,-30.43,22.06,-10.50,28.31,-17.36
112-8083929-8773063,6258,14.5,0.00,-14.50,None,0.00,None,NULL
111-2487397-2689036,6019,-1394.09,-1362.09,32.00,-248.52,-242.82,-74.51,-74.07
111-2271952-0368211,6259,14.5,0.00,-14.50,None,0.00,None,NULL
112-5138054-2853868,6260,14.5,0.00,-14.50,None,0.00,None,NULL
114-0936614-1858606,6261,14.5,0.00,-14.50,None,0.00,None,NULL
113-8603155-8753032,6262,14.5,0.00,-14.50,None,0.00,None,NULL
111-7187706-7733844,8659,75.68,0.00,-75.68,76.41,0.00,None,NULL
112-0179975-7318656,6263,14.5,0.00,-14.50,None,0.00,None,NULL
114-3354594-9163431,6264,14.5,0.00,-14.50,None,0.00,None,NULL
111-5913908-0811463,6269,18.22,0.00,-18.22,None,0.00,None,NULL
111-2145421-4241827,6270,18.22,0.00,-18.22,None,0.00,None,NULL
111-1146073-9988216,6271,1.41,0.00,-1.41,None,0.00,None,NULL
114-6003443-4293036,6272,18.22,0.00,-18.22,None,0.00,None,NULL
113-3050792-0953019,6346,-36.38,-31.95,4.43,-27.23,-23.91,-24.26,-21.96
113-1550590-6744233,6273,1.41,0.00,-1.41,None,0.00,None,NULL
112-3751428-8382621,6268,14.52,0.00,-14.52,88.0,0.00,None,NULL
112-5964104-2930616,8401,-11.19,-11.49,-0.30,-13.55,-11.83,-11.93,-13.49
112-7401599-0589006,5666,1036.08,0.00,-1036.08,None,0.00,None,NULL
114-3856349-1119443,7329,6.99,0.00,-6.99,None,0.00,None,0.00
114-5564903-7618664,8664,18.74,-11.26,-30.00,20.29,-10.37,25.46,-17.16
113-6239252-6733039,1157,-31.77,-14.49,17.28,0.0,NULL,-312.39,NULL
114-7737462-8983443,1022,45.86,-24.84,-70.70,19.1,-10.35,28.99,-17.67
112-1944670-9876235,5602,-63.97,-52.07,11.90,-49.53,-40.31,-36.82,-32.17
114-3004535-7733049,996,-29.07,-11.39,17.68,0.0,NULL,-417.07,NULL
112-4502893-5009015,8772,5.03,0.00,-5.03,5.16,0.00,5.44,0.00
112-2655505-2872237,1000,-27.39,-11.93,15.46,0.0,NULL,-339.41,NULL
111-9506543-1334624,8962,27.7,-14.71,-42.41,26.85,-12.12,36.71,-22.85
112-1107959-5030605,6279,6.33,0.00,-6.33,7.84,0.00,10.16,0.00
113-8282059-9999468,6225,4.36,0.00,-4.36,88.08,0.00,None,NULL
112-6888692-8417036,9068,39.32,0.00,-39.32,68.81,0.00,None,NULL
111-4602328-1923462,1068,-14.81,-6.51,8.30,0.0,NULL,-334.31,NULL
113-6203125-3946658,1066,-31.02,-9.70,21.32,0.0,NULL,-709.84,NULL
113-0523268-7842626,6286,-1530.77,-1477.09,53.68,-271.7,-262.17,-74.96,-74.28
112-1739155-4069845,6285,-389.33,-336.09,53.24,-161.21,-139.17,-65.48,-62.08
112-3468896-6333035,1064,-14.85,-6.55,8.30,0.0,NULL,-332.21,NULL
114-3063036-2102624,1037,11.69,-10.10,-21.79,20.61,-17.81,32.02,-35.93
114-4590340-3032207,8729,80.22,-2.83,-83.05,85.0,-3.00,None,NULL
112-6732241-5005810,6060,71.28,0.00,-71.28,None,0.00,None,NULL
112-6624318-2101835,8777,4.91,0.00,-4.91,5.04,0.00,5.31,0.00
112-1014695-8997866,1098,549.63,0.00,-549.63,86.84,0.00,None,NULL
111-3162816-7868231,8570,8.62,-13.60,-22.22,20.7,-27.76,26.11,-65.10
114-6163930-2809853,7526,15.19,0.00,-15.19,None,0.00,None,0.00
111-9128285-9584229,8522,73.28,0.00,-73.28,85.0,0.00,None,NULL
113-4511799-7794639,6896,-50.03,-40.51,9.52,-50.05,-40.53,-37.06,-32.28
111-3190677-7928263,8778,5.15,0.00,-5.15,5.27,0.00,5.57,0.00
112-1983057-0946643,1113,-8.4,0.00,8.40,0.0,NULL,-100.0,NULL
111-5107858-0090667,8520,-80.92,0.00,80.92,None,NULL,None,NULL
111-8253387-6765826,8627,-7.57,0.00,7.57,None,NULL,None,NULL
112-5018754-4995417,6034,-579.57,-550.21,29.36,-245.79,-233.34,-74.3,-73.30
111-7519157-8270605,5624,-56.39,-36.47,19.92,-37.54,-24.28,-30.64,-22.22
114-5103688-0133022,8883,161.21,0.00,-161.21,71.01,0.00,None,NULL
113-5840238-3591441,8675,112.62,0.00,-112.62,100.0,0.00,0.0,NULL
112-0163382-6013034,9640,105.96,0.00,-105.96,82.14,0.00,None,NULL
114-4449040-7173065,8747,9.2,-0.16,-9.36,92.0,-1.60,None,NULL
114-6123302-0860217,9168,-25.09,-15.02,10.07,-13.64,-7.19,-12.0,-7.55
111-4972372-1500214,9667,15.74,-7.35,-23.09,37.05,-14.71,58.86,-35.18
114-1776037-3768207,1137,205.77,0.00,-205.77,81.71,0.00,2482.15,NULL
111-4996257-5361052,8574,-7.57,0.00,7.57,None,NULL,None,NULL
113-3335103-5778653,1226,-8.65,-9.77,-1.12,-6.53,-7.37,-7.49,-8.46
112-3563049-4898653,5605,-206.67,-127.65,79.02,-75.99,-46.94,-47.2,-35.57
111-6768439-8177817,6576,-34.74,-27.05,7.69,-29.2,-22.74,-25.57,-21.10
112-6050970-7969867,9139,118.52,-8.97,-127.49,81.81,-6.19,None,NULL
113-8358957-7014645,7090,14.37,0.00,-14.37,None,0.00,None,0.00
113-6595713-9411434,9363,-13.61,0.00,13.61,-32.68,0.00,-24.63,0.00
114-3347864-3903442,8748,9.2,0.00,-9.20,92.0,0.00,None,NULL
111-0739262-2429055,6662,20.65,-0.87,-21.52,71.21,-3.00,516.25,-21.75
112-4530461-4292262,9673,37.58,-6.01,-43.59,89.26,-12.13,831.42,NULL
111-9747975-8560202,9358,52.24,0.00,-52.24,75.71,0.00,None,NULL
111-5810350-1677801,6787,-57.04,-43.67,13.37,-106.18,-81.29,-55.54,-48.89
112-4932053-0081820,8890,12.21,-13.13,-25.34,11.51,-10.52,13.01,-15.54
112-8998369-4956234,8500,25.4,-9.50,-34.90,22.34,-7.35,28.77,-11.60
114-0960556-4505053,6870,14.37,0.00,-14.37,14.52,0.00,20.6,0.00
113-1780781-8084221,9837,-4.57,-19.70,-15.13,-0.82,-3.12,-0.82,-3.55
113-3241337-7980266,9074,0.0,-45.72,-45.72,None,-87.97,None,NULL
112-1573707-0362610,6970,-503.49,-478.81,24.68,-122.34,-116.35,-58.16,-56.94
111-5971972-7095437,7292,5.79,0.00,-5.79,None,0.00,None,0.00
112-4261588-5128235,8854,-4.84,0.00,4.84,None,NULL,None,NULL
111-6755532-9847451,8580,39.95,0.00,-39.95,100.0,0.00,0.0,NULL
112-0312529-3020248,8581,39.95,0.00,-39.95,100.0,0.00,0.0,NULL
112-4372211-8818668,8752,15.0,0.00,-15.00,84.99,0.00,None,NULL
114-5985315-7133816,8504,17.3,0.00,-17.30,29.94,0.00,42.74,0.00
114-2392421-5748236,6362,-76.69,-70.29,6.40,-47.91,-43.91,-36.05,-34.06
112-2502401-8676203,1166,21.95,-12.97,-34.92,20.57,-12.16,31.93,-21.99
112-5520590-2700222,8582,39.95,0.00,-39.95,100.0,0.00,0.0,NULL
114-0949104-9916221,8583,39.95,0.00,-39.95,100.0,0.00,0.0,NULL
114-7889114-1944263,5608,-221.84,-201.98,19.86,-138.96,-126.52,-61.23,-58.98
111-8157587-0893833,1140,282.87,0.00,-282.87,82.48,0.00,None,NULL
113-5020833-9231428,6952,-848.89,-776.23,72.66,-142.93,-130.70,-62.71,-60.59
111-9108138-9789049,7502,21.2,0.00,-21.20,None,0.00,None,0.00
112-6015467-4501824,8643,-7.57,0.00,7.57,None,NULL,None,NULL
112-8029677-0186605,6702,2.52,10.40,7.88,1.29,5.32,1.54,6.67
113-8192774-9852249,6733,-47.88,-38.83,9.05,-49.81,-40.40,-36.95,-32.22
112-8239307-7057015,1125,41.83,0.00,-41.83,20.0,0.00,25.0,0.00
114-8093221-7444230,7533,20.93,0.00,-20.93,None,0.00,None,0.00
112-7548240-3636238,1149,-72.82,-18.39,54.43,0.0,NULL,-1523.43,NULL
111-3495959-9863408,6470,-624.31,-606.47,17.84,-125.08,-121.51,-58.7,-58.00
112-5713931-4924242,8683,158.13,0.00,-158.13,66.61,0.00,None,NULL
113-6149093-1017037,6530,-76.1,-68.58,7.52,-54.4,-49.03,-39.03,-36.58
111-1185827-0402653,1164,7.07,-5.94,-13.01,16.54,-13.90,21.92,-22.01
112-0734206-4781017,7904,-9.93,-6.73,3.20,None,NULL,-4965.0,-3365.00
114-7398135-1311423,8587,39.95,0.00,-39.95,100.0,0.00,0.0,NULL
113-7580391-7584212,6845,-16.56,-11.17,5.39,-30.8,-20.78,-26.6,-19.64
112-2062882-0346624,6746,-86.43,-78.91,7.52,-52.73,-48.15,-38.29,-36.16
111-0186623-7551414,6544,170.3,0.00,-170.30,85.0,0.00,None,NULL
112-8550333-0514611,8584,39.95,0.00,-39.95,100.0,0.00,0.0,NULL
114-6321930-2877021,6556,243.88,0.00,-243.88,89.43,0.00,None,NULL
113-1631316-5276255,6600,-74.73,-60.32,14.41,-69.0,-55.70,-44.81,-39.59
114-2534286-3697005,9052,53.71,0.00,-53.71,77.14,0.00,None,NULL
113-0582757-9596253,9212,64.17,0.00,-64.17,15.29,0.00,18.06,0.00
113-0012561-4093861,9315,119.09,0.00,-119.09,79.93,0.00,None,NULL
114-9845100-9221816,9306,69.84,0.00,-69.84,78.47,0.00,None,NULL
112-1386655-9213053,9532,170.03,0.00,-170.03,79.68,0.00,None,NULL
112-5539135-8670657,8981,29.44,-15.47,-44.91,16.76,-7.48,20.13,-11.29
112-2557715-2122646,9317,204.25,-12.22,-216.47,97.69,-4.97,4220.04,NULL
111-8572272-6899430,6649,8.84,0.00,-8.84,None,0.00,None,0.00
111-4791996-8384202,6651,-1713.03,-1551.75,161.28,-183.42,-166.15,-67.58,-65.38
111-1330348-5392243,9636,371.87,0.00,-371.87,90.22,0.00,None,NULL
112-5696638-1405039,8899,12.07,-13.38,-25.45,17.49,-16.48,21.2,-29.09
112-0529378-0362626,6683,-71.92,-64.04,7.88,-42.51,-37.85,-33.34,-30.81
111-7166375-1605059,8751,15.0,0.00,-15.00,84.99,0.00,None,NULL
113-1058015-9020208,1192,-7.34,0.00,7.34,None,NULL,None,NULL
112-7183359-7594659,9326,58.67,0.00,-58.67,74.27,0.00,None,NULL
111-9962758-3138654,9702,1480.02,0.00,-1480.02,84.51,0.00,None,NULL
112-6242828-4257853,9367,123.12,-127.86,-250.98,64.46,-170.68,181.35,-68.94
113-3845922-1931449,8423,21.74,-10.75,-32.49,17.22,-7.24,20.81,-10.95
111-1983924-8456200,6736,-56.28,-47.23,9.05,-58.55,-49.14,-40.79,-36.63
112-6443108-5029042,10159,-8.48,0.00,8.48,None,NULL,None,NULL
112-6325004-7135445,9304,24.88,-5.89,-30.77,83.71,-16.84,514.05,NULL
111-3163972-5985019,8385,-7.69,0.00,7.69,None,NULL,None,NULL
113-0076142-9325019,9403,69.84,0.00,-69.84,78.47,0.00,None,NULL
111-0170416-0478618,8902,26.85,-11.34,-38.19,20.98,-7.53,26.56,-12.03
111-8446645-6318601,9373,161.19,31.15,-130.04,80.35,26.40,409.01,52.37
114-0062644-8799448,6889,-1595.34,-1324.38,270.96,-256.27,-212.74,-74.44,-70.74
112-7331280-2901868,6892,-204.9,-187.74,17.16,-85.44,-78.28,-50.13,-47.94
111-5317415-5464269,8312,-7.34,0.00,7.34,None,NULL,None,NULL
114-8334293-3842642,9169,292.27,0.00,-292.27,85.78,0.00,None,NULL
112-1514244-6541842,8987,-1545.38,-25.12,1520.26,-282.44,-4.59,-77.2,-1.25
111-0804307-9156223,6922,4.7,-1.65,-6.35,None,-3.00,None,-3.92
114-5981158-5537843,8426,27.69,0.00,-27.69,20.0,0.00,25.0,0.00
111-7267258-7491463,9331,52.32,0.00,-52.32,75.83,0.00,None,NULL
112-0614030-2892245,8989,37.18,-12.64,-49.82,24.87,-7.19,33.1,-12.04
114-2132469-3973007,7003,133.44,0.00,-133.44,None,0.00,None,NULL
113-9051037-3393825,9088,-23.54,-12.29,11.25,-26.97,-14.08,-26.73,-13.96
112-6387017-7785058,8650,124.98,0.00,-124.98,85.0,0.00,None,NULL
113-9292274-1498669,9195,7.4,0.00,-7.40,6.25,0.00,6.67,0.00
111-2961835-2312231,8428,-8.64,0.00,8.64,None,NULL,None,NULL
114-7734720-4380234,9089,6.93,-9.95,-16.88,12.15,-14.83,13.83,-23.60
111-1441316-0900215,8992,21.03,-9.44,-30.47,22.83,-9.02,29.58,-14.71
112-6047960-9321044,9355,-29.92,-9.64,20.28,-20.83,-5.70,-17.24,-5.70
113-3349272-2165831,9127,4.51,-7.97,-12.48,4.89,-7.34,5.14,-9.59
111-1271929-3745020,9042,17.43,-10.70,-28.13,13.96,-7.28,16.22,-10.58
111-8424219-6299428,1211,10.73,-10.08,-20.81,15.92,-14.96,23.06,-26.20
111-3598597-4325820,7110,-35.48,-10.76,24.72,None,NULL,None,NULL
112-0878515-5292226,8766,42.46,0.00,-42.46,85.01,0.00,None,NULL
114-6659967-2816224,8878,-25.84,0.00,25.84,None,NULL,None,NULL
113-5896861-1530657,8809,23.47,-6.92,-30.39,34.52,-8.65,52.73,-17.30
113-5468395-0944202,7129,82.92,-2.93,-85.85,None,-3.00,None,NULL
114-5077083-5170635,8712,54.65,0.00,-54.65,74.66,0.00,None,NULL
112-3331205-4230650,7179,57.88,0.00,-57.88,None,0.00,None,NULL
112-7217630-0449839,1178,209.7,-11.97,-221.67,97.93,-4.75,4733.63,NULL
112-6619573-5930630,9348,31.83,0.00,-31.83,63.67,0.00,None,NULL
114-2993680-0265835,9360,117.8,0.00,-117.80,78.58,0.00,None,NULL
114-8818365-5915421,7462,30.21,-7.48,-37.69,82.97,-17.46,487.26,NULL
114-1258166-7673019,8720,89.36,0.00,-89.36,78.36,0.00,None,NULL
112-3632835-0702618,8912,96.7,0.00,-96.70,77.48,0.00,None,NULL
112-6746122-2181860,7245,51.27,0.00,-51.27,None,0.00,None,0.00
114-1599322-5264245,7246,10.94,0.00,-10.94,None,0.00,None,0.00
112-3097010-8308242,8606,14.86,-12.40,-27.26,18.79,-13.33,23.14,-22.71
114-5081767-3264209,9553,69.84,0.00,-69.84,78.47,0.00,None,NULL
114-9900926-2402608,8722,199.69,0.00,-199.69,81.89,0.00,None,NULL
112-3678401-7024243,9498,69.84,0.00,-69.84,78.47,0.00,None,NULL
112-9120943-0596253,991,49.45,0.00,-49.45,14.13,0.00,19.94,0.00
111-7267457-7969825,9672,488.41,0.00,-488.41,86.12,0.00,None,NULL
114-3900951-2094641,8723,264.89,0.00,-264.89,86.88,0.00,662.22,NULL
112-1306657-2427460,8955,12.45,-11.22,-23.67,22.2,-17.01,28.54,-32.63
112-4891643-8568258,7106,3.64,0.00,-3.64,None,0.00,None,0.00
114-9623920-2930647,8954,0.5,-7.88,-8.38,1.48,-19.85,1.5,-29.68
114-0697285-9676266,9134,-14.84,-18.79,-3.95,-11.8,-14.94,-13.91,-17.61
113-8118699-6225068,8486,94.57,0.00,-94.57,73.37,0.00,None,NULL
113-9670027-4605814,9662,46.47,0.00,-46.47,67.87,0.00,None,NULL
113-2735421-8685068,8563,181.78,0.00,-181.78,75.1,0.00,None,NULL
112-8577673-1178658,1062,-31.12,-9.80,21.32,0.0,NULL,-696.2,NULL
114-0275452-8499401,8062,-212.92,-164.44,48.48,-48.41,-37.39,-34.48,-28.90
113-3057239-0390638,5898,-15980.27,-13073.27,2907.00,-1120.79,-916.91,-92.95,-91.52
113-6323811-7713869,9374,-58.78,0.00,58.78,-39.52,0.00,-28.33,0.00
111-9638655-3026634,7931,41.11,0.00,-41.11,16.32,0.00,25.23,0.00
113-8715621-0557820,5612,-1509.82,-1486.42,23.40,-277.81,-273.50,-76.57,-76.29
111-8512589-0397829,9378,35.49,0.00,-35.49,71.02,0.00,None,NULL
111-5668386-4951422,9377,50.99,0.00,-50.99,72.88,0.00,None,NULL
111-3065143-4054661,5616,68.29,0.00,-68.29,None,0.00,None,NULL
114-3800123-2490622,9380,78.64,0.00,-78.64,79.43,0.00,None,NULL
113-7440906-3344233,5622,85.03,0.00,-85.03,None,0.00,None,NULL
112-4612944-4095433,5633,-189.24,-179.79,9.45,-77.47,-73.61,-47.68,-46.41
114-6702920-4875448,1100,-7.69,0.00,7.69,None,NULL,None,NULL
112-5979824-2328215,1007,-41.26,-11.75,29.51,0.0,NULL,-944.16,NULL
114-4502452-8613011,9851,42.2,0.00,-42.20,70.78,0.00,None,NULL
112-8446085-6153821,5636,7.79,0.00,-7.79,3.66,0.00,4.5,0.00
113-9009663-1997029,8834,42.3,-14.41,-56.71,19.67,-5.70,24.49,-8.69
114-8809874-5217846,5640,121.96,0.00,-121.96,None,0.00,None,NULL
114-7490028-8813807,5646,-79.53,-74.21,5.32,-45.97,-42.90,-35.1,-33.54
114-7127422-5918608,5647,-791.36,-768.68,22.68,-160.05,-155.46,-63.86,-63.18
114-1356606-4539444,9381,52.24,0.00,-52.24,75.71,0.00,None,NULL
111-9231726-2876256,9383,42.14,0.00,-42.14,70.27,0.00,None,NULL
113-0850497-0126641,5658,-716.47,-683.37,33.10,-243.3,-232.06,-74.11,-73.19
114-9997294-0584264,5663,2.56,0.00,-2.56,5.61,0.00,7.06,0.00
113-0029754-5278614,5745,82.35,0.00,-82.35,None,0.00,None,NULL
112-9358960-3314648,5701,-4724.9,-4673.78,51.12,-549.41,-543.46,-86.6,-86.47
113-0536978-5259430,5747,-3562.63,-3445.63,117.00,-717.65,-694.08,-89.08,-88.75
114-1902787-9571424,5779,-146.11,-114.31,31.80,-118.5,-92.71,-57.39,-51.30
111-2911706-0122634,8774,92.8,0.00,-92.80,85.0,0.00,None,NULL
113-5748466-0392237,9665,-30.5,0.00,30.50,None,NULL,None,NULL
111-3253255-8279426,5755,250.81,0.00,-250.81,None,0.00,None,NULL
111-4107985-0520206,9913,7.69,-9.95,-17.64,15.87,-17.46,18.87,-30.60
113-2654771-4824240,5770,-341.78,-325.76,16.02,-61.42,-58.54,-40.37,-39.22
113-2270092-6793800,5773,-51.99,-48.03,3.96,-42.59,-39.34,-33.38,-31.64
113-7130323-2575462,8922,19.98,-9.79,-29.77,33.39,-13.91,50.14,-30.43
111-2838475-8109859,9746,-17.92,0.00,17.92,None,NULL,None,NULL
112-3362949-9098646,9387,-8.48,0.00,8.48,None,NULL,None,NULL
112-2743998-0987449,9414,-12.07,0.00,12.07,-47.39,0.00,-32.15,0.00
111-4989230-1961018,9412,-36.01,0.00,36.01,-25.07,0.00,-20.04,0.00
111-0574915-6931465,9413,69.84,0.00,-69.84,78.47,0.00,None,NULL
113-3636466-6436213,9470,144.2,-8.58,-152.78,96.96,-5.08,3190.27,NULL
113-0319035-3433036,10052,-4.62,0.00,4.62,None,NULL,None,NULL
113-5096979-8063456,8672,203.44,0.00,-203.44,81.95,0.00,None,NULL
113-6765063-4903453,8668,0.87,0.00,-0.87,8.76,0.00,None,NULL
113-1888386-7113839,9014,-200.91,-12.60,188.31,-119.78,-7.51,-59.81,-3.75
111-7864998-5469819,5826,484.88,0.00,-484.88,None,0.00,None,NULL
113-7313707-8289811,8219,22.9,0.00,-22.90,67.57,0.00,None,NULL
111-8284666-1291404,9426,-12.18,-9.71,2.47,-29.24,-19.82,-22.63,-21.30
114-1841006-9706662,9430,-36.01,0.00,36.01,-25.07,0.00,-20.04,0.00
113-4099207-4740266,9012,33.06,-1.17,-34.23,84.99,-3.01,None,NULL
113-6371115-7689862,9427,23.03,0.00,-23.03,70.8,0.00,None,NULL
113-9003132-6204227,6294,892.27,0.00,-892.27,88.0,0.00,None,NULL
113-3939766-6582651,5847,20.4,0.00,-20.40,None,0.00,None,NULL
114-1371756-6229801,8669,34.63,0.00,-34.63,69.75,0.00,None,NULL
114-8309199-6443409,9180,66.93,0.00,-66.93,85.0,0.00,None,NULL
111-0336780-8609850,9401,-36.01,0.00,36.01,-25.07,0.00,-20.04,0.00
114-2840514-4651407,5848,102.0,0.00,-102.00,85.0,0.00,None,NULL
113-8782023-2281803,5876,453.86,0.00,-453.86,85.0,0.00,None,NULL
111-4734906-5165839,9243,107.97,0.00,-107.97,80.8,0.00,None,NULL
113-7227774-4420255,8221,-8.64,0.00,8.64,None,NULL,None,NULL
113-6283221-9572207,9436,23.33,0.00,-23.33,66.71,0.00,None,NULL
114-1193728-6903456,9761,29.62,-13.57,-43.19,11.97,-4.66,13.6,-6.37
112-6019202-7590610,9456,146.86,0.00,-146.86,82.04,0.00,None,NULL
114-8338505-5880211,9432,57.53,0.00,-57.53,72.82,0.00,None,NULL
112-2395161-3828201,9453,110.44,0.00,-110.44,82.36,0.00,None,NULL
113-9090725-0993841,9455,-12.07,0.00,12.07,-47.39,0.00,-32.15,0.00
114-7801635-0457840,9434,-6.54,0.00,6.54,-24.07,0.00,-19.4,0.00
114-1246090-7042627,7017,58.87,-10.58,-69.45,None,-2.40,None,-3.22
112-8130484-8015436,7483,188.37,0.00,-188.37,None,0.00,None,NULL
112-3910723-3925864,5877,63.15,0.00,-63.15,88.0,0.00,None,NULL
113-9691650-6274640,9445,110.44,0.00,-110.44,82.36,0.00,None,NULL
113-7357766-5834628,9446,69.06,0.00,-69.06,70.47,0.00,None,NULL
111-8835481-2545815,9437,146.94,-9.92,-156.86,96.98,-5.57,3215.32,NULL
112-4813027-4204210,9448,117.48,-8.18,-125.66,96.04,-5.88,2427.27,NULL
113-2578230-9132244,9449,42.49,0.00,-42.49,70.85,0.00,None,NULL
113-6259269-8985069,9364,60.34,-6.33,-66.67,68.65,-12.68,218.94,-13.93
111-2859553-4333060,5878,-75.95,-65.40,10.55,-90.5,-77.93,-51.57,-47.83
111-7086124-0457854,9463,160.25,0.00,-160.25,80.73,0.00,None,NULL
114-2662237-0407410,9460,-12.07,0.00,12.07,-47.39,0.00,-32.15,0.00
112-3381004-0493804,9479,55.24,0.00,-55.24,73.68,0.00,None,NULL
113-6948829-9597037,9478,198.63,-11.69,-210.32,97.78,-4.89,4394.47,NULL
112-0781292-3326641,9246,2.59,-4.87,-7.46,35.92,-57.43,56.06,NULL
113-7349279-6105858,9482,32.0,0.00,-32.00,68.76,0.00,None,NULL
114-2276111-1161851,9489,-170.06,0.00,170.06,-105.71,0.00,-56.83,0.00
114-6328907-4200241,9487,69.84,0.00,-69.84,78.47,0.00,None,NULL
113-2815797-3456221,9488,152.95,-8.87,-161.82,97.1,-4.96,3346.83,NULL
112-2688202-5280200,8114,18.92,-13.95,-32.87,26.81,-16.81,36.64,-34.72
111-3834182-7781007,9878,86.99,-16.72,-103.71,21.56,-4.14,34.61,-6.65
114-8130205-2377008,8670,0.87,0.00,-0.87,8.76,0.00,None,NULL
111-4326700-7483405,8489,-7.34,0.00,7.34,None,NULL,None,NULL
111-2996630-2070632,9472,94.36,0.00,-94.36,78.69,0.00,None,NULL
114-3011071-9716250,9252,40.03,0.00,-40.03,19.79,0.00,24.67,0.00
113-9083364-6453037,8156,42.71,-15.95,-58.66,19.95,-6.33,24.93,-9.79
114-1827085-8726607,9495,109.65,0.00,-109.65,78.88,0.00,None,NULL
113-6420827-0449813,8139,4804.99,0.00,-4804.99,86.74,0.00,None,NULL
113-2121839-0423442,9494,43.1,0.00,-43.10,71.87,0.00,None,NULL
113-2865881-3740258,6637,-153791.94,-147904.86,5887.08,-1277.17,-1228.28,-93.55,-93.31
112-9175348-6008257,9028,-9193.29,0.00,9193.29,-164.25,0.00,-65.93,0.00
113-5895320-0739446,8671,0.87,0.00,-0.87,8.76,0.00,None,NULL
111-6237675-1601806,9339,32.74,0.00,-32.74,65.61,0.00,None,NULL
112-8380353-5553840,8776,67.4,0.00,-67.40,75.98,0.00,None,NULL
111-2589947-0241852,1114,-10.33,0.00,10.33,None,NULL,None,NULL
111-1430281-1336225,6678,52.97,0.00,-52.97,None,0.00,None,0.00
114-9773955-1942610,9409,189.65,-11.43,-201.08,83.0,-5.00,None,NULL
112-6940959-2048266,9514,148.19,-10.11,-158.30,82.38,-5.62,None,NULL
111-4460854-4951453,9510,29.74,0.00,-29.74,66.13,0.00,None,NULL
114-1217850-9973000,9509,-4.48,0.00,4.48,-15.4,0.00,-13.35,0.00
111-1991635-8686619,9688,-8.24,0.00,8.24,-4.7,0.00,-4.49,0.00
112-7856405-3568241,9525,-36.01,0.00,36.01,-25.07,0.00,-20.04,0.00
111-0817288-4103429,9856,100.15,-27.49,-127.64,22.75,-6.25,37.05,-10.17
111-1378601-2724207,9108,270.28,-12.34,-282.62,86.45,-3.95,None,NULL
112-0727119-3941858,9521,80.38,-7.57,-87.95,80.43,-7.57,None,NULL
113-4637181-6572214,1111,-76.44,0.00,76.44,None,NULL,None,NULL
113-7928093-2034653,8569,472.51,0.00,-472.51,83.5,0.00,None,NULL
113-6475927-5963428,9526,61.7,-6.91,-68.61,93.1,-8.86,1350.11,NULL
113-8464716-2905833,9527,39.4,-5.77,-45.17,89.61,-11.55,862.14,NULL
112-1998915-7349814,9396,241.08,-11.14,-252.22,98.19,-3.99,5429.73,NULL
113-8908533-6435431,9523,79.31,-7.81,-87.12,94.25,-7.89,1638.64,NULL
114-5704425-1102646,9340,258.28,-12.02,-270.30,98.16,-4.02,5336.36,NULL
111-5316566-7363427,9362,79.58,-7.54,-87.12,94.57,-7.62,1741.36,NULL
111-3768354-9232209,9517,155.59,-10.37,-165.96,97.06,-5.50,3303.4,NULL
111-8149018-5412258,7376,9.01,-1.75,-10.76,None,-3.01,None,-4.32
112-0780751-1129037,9519,237.02,0.00,-237.02,84.95,0.00,None,NULL
113-5125462-4651418,9343,143.88,-8.90,-152.78,96.75,-5.27,2972.73,NULL
113-5322177-9353824,9542,109.65,0.00,-109.65,78.88,0.00,None,NULL
114-9021098-3223429,9356,46.13,-6.64,-52.77,90.5,-11.07,953.1,NULL
114-8920225-7926625,8571,-8.5,0.00,8.50,None,NULL,None,NULL
114-1328166-0179444,9321,164.74,-10.38,-175.12,97.39,-5.22,3735.6,NULL
113-6194429-2077835,1112,-7.69,0.00,7.69,None,NULL,None,NULL
111-7887713-8719426,6062,71.28,0.00,-71.28,None,0.00,None,NULL
114-9140276-1153039,6064,71.28,0.00,-71.28,None,0.00,None,NULL
112-8924989-1331406,6070,191.39,0.00,-191.39,None,0.00,None,NULL
111-2766337-0709815,9937,647.34,0.00,-647.34,85.43,0.00,None,NULL
113-6866527-3943442,7978,67.73,0.00,-67.73,64.93,0.00,None,NULL
112-4726996-5841055,6065,147.3,0.00,-147.30,87.82,0.00,None,NULL
111-0938085-2437808,9543,26.4,0.00,-26.40,66.05,0.00,None,NULL
113-1779706-3115437,1033,-13.48,-6.24,7.24,0.0,NULL,-304.29,NULL
113-7454219-1942610,9034,97.2,-16.53,-113.73,27.31,-4.09,37.58,-6.56
111-6653587-0028251,6114,26.14,0.00,-26.14,9.83,0.00,13.07,0.00
112-8465992-5121061,971,8.94,-6.78,-15.72,22.04,-16.72,35.0,-33.93
112-3799811-2448266,6136,-135.81,-126.64,9.17,-60.79,-56.69,-40.62,-38.95
112-8078213-8305023,1108,-4.11,0.00,4.11,None,NULL,None,NULL
113-6487649-6344243,1086,-33.65,-10.39,23.26,0.0,NULL,-734.72,NULL
113-9571004-2504239,1158,-79.1,-19.40,59.70,0.0,NULL,-1769.57,NULL
112-2181912-8721800,1205,27.05,-10.27,-37.32,33.82,-12.84,62.41,-29.35
112-9860658-7614636,6160,112.01,0.00,-112.01,None,0.00,None,NULL
113-1463418-0521817,6166,13.84,0.00,-13.84,None,0.00,None,NULL
112-7892889-3388218,6168,13.84,0.00,-13.84,None,0.00,None,NULL
112-6880488-2829042,6169,13.84,0.00,-13.84,None,0.00,None,NULL
112-8440171-4380259,6170,13.84,0.00,-13.84,None,0.00,None,NULL
113-0098991-7823403,6171,13.84,0.00,-13.84,None,0.00,None,NULL
112-4731893-7381013,6172,13.84,0.00,-13.84,None,0.00,None,NULL
112-9695102-1457831,6173,13.84,0.00,-13.84,None,0.00,None,NULL
114-4191906-3042660,6174,13.84,0.00,-13.84,None,0.00,None,NULL
113-1150856-3537815,6176,13.84,0.00,-13.84,None,0.00,None,NULL
112-8010960-1866603,6167,69.19,0.00,-69.19,85.0,0.00,None,NULL
112-4558125-0725049,6177,13.84,0.00,-13.84,None,0.00,None,NULL
111-3492884-3538667,6175,69.19,0.00,-69.19,85.0,0.00,None,NULL
112-2650728-5133022,6178,13.84,0.00,-13.84,None,0.00,None,NULL
111-7575566-7998600,6179,13.84,0.00,-13.84,None,0.00,None,NULL
112-2528858-3533851,6183,9.4,0.00,-9.40,None,0.00,None,NULL
113-3801518-8477050,6184,9.4,0.00,-9.40,None,0.00,None,NULL
113-5881831-7091433,6185,9.4,0.00,-9.40,None,0.00,None,NULL
112-4209676-8157825,6186,30.42,0.00,-30.42,None,0.00,None,NULL
113-6880333-2562622,6196,25.51,0.00,-25.51,None,0.00,None,NULL
114-3172501-8013817,6197,25.51,0.00,-25.51,None,0.00,None,NULL
111-5759348-0304247,6198,25.51,0.00,-25.51,None,0.00,None,NULL
111-8078206-7207453,6199,25.51,0.00,-25.51,None,0.00,None,NULL
111-1648540-8352237,6221,1.35,0.00,-1.35,None,0.00,None,NULL
112-0166795-5741056,6228,18.22,0.00,-18.22,None,0.00,None,NULL
114-5950542-4241837,6244,14.5,0.00,-14.50,None,0.00,None,NULL
113-1306987-9725844,6246,14.5,0.00,-14.50,None,0.00,None,NULL
112-6557581-2815450,6182,47.0,0.00,-47.00,84.99,0.00,None,NULL
112-2047591-8973834,6158,-4003.1,-3684.86,318.24,-543.9,-500.66,-86.48,-85.49
111-3851394-6862631,6265,14.5,0.00,-14.50,None,0.00,None,NULL
111-2634068-4813841,6266,14.5,0.00,-14.50,None,0.00,None,NULL
114-2127706-3559438,1008,4.11,-6.72,-10.83,7.56,-12.37,9.77,-18.17
112-5058943-2179467,944,-8.51,-6.15,2.36,0.0,NULL,-153.06,NULL
113-8148388-2237849,5871,26.92,0.00,-26.92,None,0.00,None,NULL
112-9335112-4113011,1005,142.37,0.00,-142.37,81.61,0.00,3463.99,NULL
111-0339480-7001004,1104,-7.34,0.00,7.34,None,NULL,None,NULL
113-6584087-6893860,1105,-4.47,0.00,4.47,None,NULL,None,NULL
111-3208195-6702669,6113,224.85,0.00,-224.85,None,0.00,None,NULL
111-6433833-9009060,9329,132.44,-9.41,-141.85,96.66,-5.84,2898.03,NULL
114-0783545-5203454,6561,-59.14,-53.34,5.80,-39.6,-35.71,-31.78,-29.58
113-9322611-3480212,6581,-9044.38,-8965.00,79.38,-551.55,-546.71,-86.24,-86.14
112-3586612-9152257,6333,41.35,0.00,-41.35,18.98,0.00,28.75,0.00
111-8146299-0209849,6335,80.8,0.00,-80.80,31.87,0.00,60.0,0.00
112-7378691-4411464,6635,-39.9,-32.21,7.69,-48.84,-39.42,-36.49,-31.69
111-2895785-9269832,9328,80.47,-7.52,-87.99,94.68,-7.52,1780.31,NULL
111-0930454-4535459,6426,38.99,45.96,6.97,58.21,68.62,217.34,418.96
112-9913633-4787439,6879,-3184.29,-2585.29,599.00,-254.76,-206.84,-74.98,-70.87
112-9986001-3432222,9325,105.03,-8.49,-113.52,95.79,-6.58,2273.38,NULL
112-6977365-7337861,6455,-8.61,-3.05,5.56,-8.06,-2.85,-8.66,-3.25
112-7096815-9180227,6525,-54.52,-47.86,6.66,-47.11,-41.35,-35.66,-32.73
112-8058721-1890608,6925,105.74,0.00,-105.74,None,0.00,None,NULL
113-6405802-0485003,9554,100.03,0.00,-100.03,77.54,0.00,None,NULL
113-8072180-4198607,8171,-7.34,0.00,7.34,None,NULL,None,NULL
114-5523623-0577014,8173,40.81,-17.85,-58.66,19.06,-7.09,23.56,-10.95
111-2796381-8673054,6540,22.17,0.00,-22.17,28.44,0.00,50.29,0.00
111-3262698-3498604,10071,-7.56,0.00,7.56,None,NULL,None,NULL
111-8986250-2069024,6548,12.34,0.00,-12.34,6.86,0.00,8.89,0.00
112-8097483-0275443,7298,36.94,0.00,-36.94,None,0.00,None,0.00
114-2115476-8706668,6629,-12.75,-4.35,8.40,-255.0,-87.00,-75.0,-50.58
112-6436781-6704245,8780,-11.25,0.00,11.25,None,NULL,None,NULL
111-7201674-6551457,8781,-11.07,0.00,11.07,None,NULL,None,NULL
114-0996428-3774639,9272,136.27,-8.36,-144.63,96.79,-5.23,3014.82,NULL
111-5539394-4786626,6665,15.01,0.00,-15.01,None,0.00,None,0.00
111-5655557-9258642,8496,91.92,0.00,-91.92,77.96,0.00,None,NULL
114-5476410-5338632,6759,7.61,0.00,-7.61,None,0.00,None,0.00
114-1490020-2582653,6799,20.56,0.00,-20.56,None,0.00,None,0.00
114-8751964-0250638,6851,5.94,0.00,-5.94,None,0.00,None,0.00
113-8581495-7216269,6880,-1200.89,-1091.17,109.72,-61.78,-56.14,-41.25,-38.95
114-5496757-8513008,6927,17.61,0.00,-17.61,None,0.00,None,0.00
111-3688690-0524228,6930,15.92,0.00,-15.92,None,0.00,None,0.00
113-0956756-6514628,6933,17.61,0.00,-17.61,None,0.00,None,0.00
113-1028708-7808237,9576,60.41,0.00,-60.41,75.54,0.00,None,NULL
112-9339058-9937833,6934,9.26,0.00,-9.26,None,0.00,None,NULL
114-7450325-9161015,9577,-58.78,0.00,58.78,-39.52,0.00,-28.33,0.00
113-8584588-2389835,9581,69.84,0.00,-69.84,78.47,0.00,None,NULL
114-3875241-1737037,9578,60.41,0.00,-60.41,75.54,0.00,None,NULL
113-3864020-7789013,9575,272.19,0.00,-272.19,81.81,0.00,None,NULL
111-0168052-2615441,6935,2.4,-0.37,-2.77,None,-3.02,None,-4.63
111-0889767-9775443,6961,1.27,-0.91,-2.18,None,-1.60,None,-1.78
114-9938810-2513835,7011,53.76,0.00,-53.76,None,0.00,None,0.00
113-4203814-2881805,7044,27.95,0.00,-27.95,None,0.00,None,0.00
113-0109434-6154630,7045,39.38,0.00,-39.38,None,0.00,None,0.00
111-0503028-4093846,7066,161.47,0.00,-161.47,None,0.00,None,NULL
113-1449119-4845821,7138,8.17,-10.59,-18.76,11.28,-14.62,15.3,-23.54
112-3636992-8005058,7150,-247.98,-17.91,230.07,None,NULL,-126.2,-9.11
114-5276924-8990638,7103,22.85,0.00,-22.85,None,0.00,None,0.00
112-0706797-3781010,7108,22.85,0.00,-22.85,None,0.00,None,0.00
112-9672123-0467425,7144,-1345.72,-1145.72,200.00,-299.78,-255.23,-77.31,-74.36
114-3308973-4105815,7128,36.83,0.00,-36.83,None,0.00,None,NULL
114-4878095-7781852,7145,2.09,0.00,-2.09,None,0.00,None,0.00
111-6763544-4199416,7227,-16.11,-10.81,5.30,-13.15,-8.83,-13.4,-9.41
112-8279972-3022662,7188,-49.35,-41.07,8.28,-48.1,-40.03,-36.14,-32.02
111-2067167-8669057,7200,9.0,0.00,-9.00,None,0.00,None,0.00
114-6724699-6302620,6306,-61.01,-54.61,6.40,-53.05,-47.49,-38.43,-35.84
114-6905416-6732250,6332,153.8,0.00,-153.80,None,0.00,None,NULL
112-7787790-4815414,6344,-241.96,-226.00,15.96,-60.8,-56.79,-40.86,-39.22
113-0502423-7027439,6375,-867.18,-850.48,16.70,-140.19,-137.49,-62.25,-61.80
111-9836112-7363448,7499,113.64,0.00,-113.64,None,0.00,None,NULL
114-4753297-2997026,6474,-244.91,-146.37,98.54,-76.39,-45.66,-46.47,-34.16
113-9298931-8941040,6498,-1242.19,-1207.63,34.56,-207.07,-201.31,-70.9,-70.31
111-3784075-9154653,6497,-377.53,-359.26,18.27,-162.22,-154.37,-64.83,-63.69
112-1595914-2062613,6522,67.62,0.00,-67.62,85.0,0.00,None,NULL
111-3764401-7405849,6537,-54.57,-42.78,11.79,-54.59,-42.80,-39.11,-33.49
114-1033105-8162655,6560,-50.75,-43.78,6.97,-47.43,-40.92,-35.82,-32.49
111-3576711-8567414,6601,-1956.8,-1882.31,74.49,-213.63,-205.50,-70.83,-70.02
114-8155511-0469001,6603,-179.47,-112.71,66.76,-48.58,-30.51,-36.37,-26.41
113-2006820-3725860,6604,-196.19,-154.37,41.82,-130.85,-102.95,-60.62,-54.78
113-0803037-5145001,6573,-39.73,-7.95,31.78,0.0,NULL,0.0,NULL
111-4456503-1149836,6587,8.64,0.00,-8.64,10.56,0.00,14.18,0.00
114-6483908-2138615,9966,121.2,0.00,-121.20,79.44,0.00,None,NULL
114-8114749-4634657,6608,-39664.1,-31219.30,8444.80,-1975.99,-1555.29,-95.88,-94.82
114-6131907-6845063,6632,75.05,-2.65,-77.70,85.0,-3.00,None,NULL
114-8351584-7606624,6623,-89.1,-84.42,4.68,-61.15,-57.94,-41.0,-39.70
112-5074518-5691439,6609,4.22,0.00,-4.22,None,0.00,None,0.00
111-3682485-4673811,6673,13.93,0.00,-13.93,None,0.00,None,0.00
113-4580481-7775419,6633,-255.98,-247.34,8.64,-44.91,-43.39,-33.79,-33.03
111-9444751-1476228,6664,-504.41,-482.66,21.75,None,NULL,-110.75,-111.29
114-6062095-9108253,9338,113.84,0.00,-113.84,81.9,0.00,None,NULL
114-3366244-4763400,6685,-704.78,-624.38,80.40,-57.83,-51.23,-40.49,-37.61
112-3242906-6987446,6687,-58.09,-44.56,13.53,-58.14,-44.60,-40.62,-34.41
114-5478518-5733859,9262,10.09,-4.84,-14.93,59.49,-28.54,None,NULL
114-2510077-8243432,6699,-150.83,-138.19,12.64,-104.81,-96.03,-55.22,-53.05
112-7884640-6881854,6693,65.58,0.00,-65.58,None,0.00,None,NULL
114-2585505-7287408,6722,40.96,0.00,-40.96,None,0.00,None,NULL
113-8104646-2825009,9699,488.41,0.00,-488.41,86.12,0.00,None,NULL
113-5811970-3875456,6781,22.77,0.00,-22.77,None,0.00,None,0.00
112-9571564-7234608,6786,18.16,0.00,-18.16,None,0.00,None,0.00
112-3268573-7730665,6779,-45.95,-39.72,6.23,-77.38,-66.89,-47.66,-44.04
113-8403878-4174605,6790,-587.96,-528.66,59.30,-128.52,-115.55,-60.19,-57.62
111-4221588-6760259,6812,-210.65,-199.04,11.61,-65.7,-62.08,-43.6,-42.21
112-1816926-5157800,6877,-614.85,-581.19,33.66,-187.87,-177.58,-68.85,-67.63
112-7603237-1673805,6901,-91.88,-81.11,10.77,-76.48,-67.51,-47.36,-44.27
114-6340798-2833057,6959,-65.78,-50.54,15.24,-39.13,-30.06,-31.52,-26.13
113-9891146-6873868,6903,63.84,0.00,-63.84,None,0.00,None,NULL
111-7393866-3819441,9359,179.38,0.00,-179.38,81.56,0.00,None,NULL
114-8210422-0742628,6948,13.86,0.00,-13.86,None,0.00,None,0.00
111-1371421-3252227,9270,136.17,-8.46,-144.63,96.72,-5.29,2947.4,NULL
114-5656379-7249065,6994,133.44,0.00,-133.44,None,0.00,None,NULL
112-6735675-4989038,7018,217.25,0.00,-217.25,None,0.00,None,NULL
112-7860555-8787420,7006,-408.37,-394.43,13.94,-239.23,-231.07,-72.23,-71.52
113-1037244-4669053,7023,-747.93,-652.29,95.64,-226.34,-197.40,-72.0,-69.17
111-0909721-3225019,7050,-50.4,-42.05,8.35,-25.77,-21.50,-23.26,-20.19
112-4360199-9815436,7067,-145.83,-37.71,108.12,None,NULL,-163.34,-42.24
113-5297518-5628219,8162,-7.0,0.00,7.00,None,NULL,None,NULL
112-2449719-1050633,7082,148.27,0.00,-148.27,None,0.00,None,NULL
111-9869326-1997068,9245,2.59,-4.87,-7.46,35.92,-57.43,56.06,NULL
114-6624320-1301051,7102,310.32,0.00,-310.32,None,0.00,None,NULL
114-5473865-0311405,7180,-87.03,-72.03,15.00,-57.38,-47.49,-40.3,-35.84
112-5819061-6787442,7183,36.83,0.00,-36.83,None,0.00,None,NULL
112-6640360-2546641,7185,38.09,0.00,-38.09,None,0.00,None,NULL
112-4801929-4196251,7217,-57.44,-47.99,9.45,-40.22,-33.61,-32.12,-28.33
114-8397906-8269056,7252,62.76,0.00,-62.76,None,0.00,None,NULL
113-6078332-5206631,7253,163.11,0.00,-163.11,None,0.00,None,NULL
112-6368423-3961800,7254,30.22,0.00,-30.22,None,0.00,None,0.00
112-5997554-5861868,6671,70.76,0.00,-70.76,None,0.00,None,0.00
114-9687093-0485816,7218,5.35,-1.19,-6.54,None,-3.01,None,-4.20
112-2790187-7747418,6806,84.98,-3.00,-87.98,None,-3.00,None,NULL
111-4663220-3713857,6320,-49.41,0.00,49.41,-49.41,0.00,-36.76,0.00
114-8689783-4488230,6325,-38.25,0.00,38.25,-38.25,0.00,-31.03,0.00
112-3036509-6448260,6316,-62.03,-52.53,9.50,-49.21,-41.67,-35.86,-32.14
114-4451723-0792220,9386,16.21,0.00,-16.21,57.95,0.00,None,NULL
114-9400191-5493057,6711,132.87,0.00,-132.87,None,0.00,None,NULL
113-3588692-1287459,6743,40.85,0.00,-40.85,None,0.00,None,NULL
113-0366814-1284237,7189,12.51,0.00,-12.51,None,0.00,None,0.00
113-6616748-6963414,6679,-157.19,-145.90,11.29,-48.17,-44.71,-36.17,-34.47
114-8637574-4325818,6773,-44.16,-38.85,5.31,-46.12,-40.57,-35.17,-32.31
111-4582837-1153001,7157,5.81,-1.90,-7.71,None,-3.69,None,-5.26
111-0543066-0258644,6740,-74.32,-63.55,10.77,-45.32,-38.75,-34.0,-30.57
112-2369282-7438668,7258,-630.68,-622.39,8.29,-73.55,-72.58,-44.65,-44.32
113-2714952-6933866,9484,29.26,-5.91,-35.17,86.13,-14.79,621.23,NULL
114-3754505-5001055,9474,34.0,0.00,-34.00,68.03,0.00,None,NULL
111-5297313-9270668,9458,96.4,0.00,-96.40,74.73,0.00,None,NULL
112-6979842-5650632,9475,27.61,0.00,-27.61,69.08,0.00,None,NULL
114-6413745-1211402,9416,-931.03,0.00,931.03,-289.36,0.00,-77.78,0.00
112-3048112-2850638,9405,54.85,-6.72,-61.57,92.23,-9.60,1187.23,NULL
112-1240605-3915465,9548,24.35,0.00,-24.35,60.92,0.00,None,NULL
114-7438807-9056215,9551,199.42,0.00,-199.42,81.07,0.00,None,NULL
114-1167757-7180254,9549,199.42,0.00,-199.42,81.07,0.00,None,NULL
113-4096179-1983423,9538,105.03,-8.49,-113.52,95.79,-6.58,2273.38,NULL
113-2629735-3401002,9499,165.13,-10.84,-175.97,97.15,-5.42,3411.78,NULL
114-5041122-6949045,9539,139.13,-9.59,-148.72,96.85,-5.67,3078.1,NULL
111-0038330-3869047,9533,100.15,-7.43,-107.58,95.64,-6.24,2191.47,NULL
114-1690393-5499413,9501,25.15,-5.62,-30.77,84.62,-16.07,550.33,NULL
112-5210385-9422629,9417,147.31,-10.21,-157.52,96.82,-5.70,3043.6,NULL
113-9491740-5405003,9324,301.47,-15.32,-316.79,98.52,-4.26,6669.69,NULL
114-9103651-2072210,9572,15.33,-9.32,-24.65,54.73,-33.27,None,NULL
114-9254998-4770623,1131,-7.34,0.00,7.34,None,NULL,None,NULL
113-6573671-5141823,9336,126.55,-8.15,-134.70,96.51,-5.47,2769.15,NULL
113-9788187-6714642,9072,94.85,0.00,-94.85,83.0,0.00,None,NULL
113-6839310-4437058,8938,-14.31,0.00,14.31,None,NULL,None,NULL
112-1316531-4726630,9975,10.72,-5.75,-16.47,25.24,-11.51,33.76,-20.91
111-8221991-9161865,9399,-7.57,0.00,7.57,None,NULL,None,NULL
113-7350920-0043443,9742,63.7,0.00,-63.70,76.21,0.00,None,NULL
114-0920887-2837808,8676,246.49,-8.70,-255.19,85.0,-3.00,None,NULL
113-0418842-8623451,8503,70.74,0.00,-70.74,77.01,0.00,None,NULL
113-6001294-9446647,8498,-14.99,0.00,14.99,None,NULL,None,NULL
113-1190398-2618635,8505,5.87,0.00,-5.87,37.77,0.00,None,NULL
111-6116024-1017035,8893,-12.52,-8.57,3.95,-26.44,-16.04,-20.91,-16.32
113-1380478-6431454,8585,472.51,0.00,-472.51,83.5,0.00,None,NULL
112-8757979-4561050,1171,35.17,0.00,-35.17,68.79,0.00,None,NULL
112-2955577-1197026,1168,-8.4,0.00,8.40,None,NULL,None,NULL
112-1633882-2763425,9976,10.72,-5.75,-16.47,25.24,-11.51,33.76,-20.91
114-6723703-3311434,9669,178.07,0.00,-178.07,78.2,0.00,None,NULL
111-4839779-4587423,8684,42.32,0.00,-42.32,72.11,0.00,None,NULL
113-9046326-9869847,9977,40.67,-8.75,-49.42,27.13,-5.84,49.3,-10.61
111-7197952-7821832,8417,-7.34,0.00,7.34,None,NULL,None,NULL
111-6565574-1329032,9303,129.75,0.00,-129.75,81.56,0.00,None,NULL
113-9084375-6811466,9786,-4.11,0.00,4.11,None,NULL,None,NULL
112-3629966-5179437,8875,57.69,-7.53,-65.22,91.57,-10.16,1086.44,NULL
111-8899782-3709065,9384,140.24,0.00,-140.24,82.98,0.00,None,NULL
112-4169373-2992245,9107,819.1,0.00,-819.10,88.0,0.00,None,NULL
111-3153757-1992201,8897,67.87,0.00,-67.87,92.0,0.00,None,NULL
111-3348628-3228238,9316,295.36,0.00,-295.36,82.05,0.00,None,NULL
112-1929511-7427433,9314,34.0,0.00,-34.00,68.03,0.00,None,NULL
114-6026560-1354638,9313,77.5,0.00,-77.50,78.28,0.00,None,NULL
112-6676036-6431413,8689,148.51,0.00,-148.51,80.88,0.00,None,NULL
112-8178461-9389826,9309,254.62,0.00,-254.62,85.16,0.00,None,NULL
112-6213864-6005850,10117,64.88,0.00,-64.88,73.04,0.00,None,NULL
113-7496374-1765007,9334,31.84,0.00,-31.84,63.72,0.00,None,NULL
114-3646313-3782628,8347,214.56,0.00,-214.56,81.84,0.00,None,NULL
112-5206872-0832263,9518,-14.5,0.00,14.50,None,NULL,None,NULL
113-0460401-3891420,8592,1.08,0.00,-1.08,4.69,0.00,None,NULL
111-0529005-7710659,9333,59.16,0.00,-59.16,73.98,0.00,None,NULL
114-7954909-0460238,8799,790.76,0.00,-790.76,84.07,0.00,None,NULL
114-6653843-6895451,9319,295.36,0.00,-295.36,82.05,0.00,None,NULL
114-1574738-3003453,9973,10.72,-5.75,-16.47,25.24,-11.51,33.76,-20.91
114-6282107-3131433,9969,10.72,-5.75,-16.47,25.24,-11.51,33.76,-20.91
111-1715130-0380266,9565,165.87,0.00,-165.87,83.35,0.00,None,NULL
111-5728722-3721024,9571,15.87,0.00,-15.87,57.58,0.00,None,NULL
112-2340981-0821819,9563,109.65,0.00,-109.65,78.88,0.00,None,NULL
112-2381017-6778653,9564,-9.51,-8.16,1.35,-25.03,-18.26,-20.02,-20.06
113-5975867-9957028,9332,21.24,0.00,-21.24,60.74,0.00,None,NULL
112-5994736-8398614,8593,140.53,0.00,-140.53,55.81,0.00,None,NULL
112-4138769-1407439,9344,-15.47,0.00,15.47,None,NULL,None,NULL
112-3350399-4280229,9569,21.24,0.00,-21.24,60.74,0.00,None,NULL
114-8341662-5864217,9562,196.68,-10.34,-207.02,97.6,-4.52,4063.64,NULL
113-8874214-7204250,9567,130.44,-9.48,-139.92,96.51,-5.96,2769.43,NULL
112-8905493-3597022,9342,46.28,0.00,-46.28,71.23,0.00,None,NULL
114-6803941-1137833,9594,-22.46,0.00,22.46,-33.03,0.00,-24.83,0.00
113-6476103-1216239,9097,-9.62,0.00,9.62,None,NULL,None,NULL
112-0600077-3873047,9305,46.56,-6.21,-52.77,91.35,-10.36,1055.78,NULL
111-9981417-5302647,9593,106.3,0.00,-106.30,68.14,0.00,None,NULL
111-2929988-2707451,9596,197.87,0.00,-197.87,81.51,0.00,None,NULL
113-4616830-5726628,9589,247.65,0.00,-247.65,82.83,0.00,None,NULL
114-3392105-8958642,9350,141.15,0.00,-141.15,83.52,0.00,None,NULL
114-1724670-1743446,10060,266.38,0.00,-266.38,82.38,0.00,None,NULL
114-0193964-2227461,9592,-7.57,0.00,7.57,None,NULL,None,NULL
114-4228622-6238618,9590,80.54,-7.44,-87.98,94.78,-7.44,1813.96,NULL
112-7622436-9707412,10158,-8.48,0.00,8.48,None,NULL,None,NULL
111-5582448-9203402,7968,-3.16,-10.16,-7.00,-7.44,-20.32,-6.92,-27.47
112-1571492-3451415,9281,-4.11,0.00,4.11,None,NULL,None,NULL
111-8469045-5405824,8427,-8.64,0.00,8.64,None,NULL,None,NULL
111-8615344-2552245,8705,74.19,0.00,-74.19,77.13,0.00,None,NULL
113-8081809-9341850,8991,399.92,-49.39,-449.31,78.33,-9.67,None,NULL
112-6838470-0605817,9117,60.25,-11.53,-71.78,75.88,-14.52,None,NULL
112-9209505-2845845,8714,95.96,0.00,-95.96,56.04,0.00,None,NULL
111-3809666-3701059,8709,49.56,0.00,-49.56,57.3,0.00,None,NULL
114-3249745-6637031,9894,16.6,0.00,-16.60,25.92,0.00,34.99,0.00
111-6063206-0794636,8718,137.99,0.00,-137.99,83.42,0.00,None,NULL
112-9272561-1540217,9307,170.5,-9.40,-179.90,97.36,-4.72,3690.48,NULL
113-6961607-5046652,8716,131.03,0.00,-131.03,83.19,0.00,None,NULL
111-9534260-3461825,8717,42.36,0.00,-42.36,72.11,0.00,None,NULL
112-8756575-3338629,8995,143.07,0.00,-143.07,85.0,0.00,None,NULL
113-1380989-7467452,7939,2.11,0.00,-2.11,1.08,0.00,1.24,0.00
112-0493755-0988209,9118,20.05,-0.55,-20.60,88.02,-2.41,None,NULL
112-0678182-1014656,8818,129.21,-13.17,-142.38,82.04,-8.36,None,NULL
114-5386009-7073807,8817,42.64,-11.23,-53.87,69.66,-18.35,None,NULL
111-8928068-7914648,8816,538.71,-33.07,-571.78,85.17,-5.23,None,NULL
113-2356561-9610634,9105,129.99,-11.32,-141.31,83.16,-7.24,None,NULL
112-2803288-3713862,7950,-8.29,0.00,8.29,None,NULL,None,NULL
113-5373657-2433806,10068,16.85,-6.31,-23.16,31.24,-10.29,45.43,-19.57
111-5811363-9407439,8724,51.92,0.00,-51.92,74.18,0.00,None,NULL
111-6480476-0861031,9352,105.96,0.00,-105.96,82.14,0.00,None,NULL
111-2316854-3965829,9674,88.82,0.00,-88.82,77.57,0.00,None,NULL
112-7133566-4063458,9370,69.84,0.00,-69.84,78.47,0.00,None,NULL
114-6761130-9123416,9369,27.61,0.00,-27.61,69.08,0.00,None,NULL
111-0828374-8001868,9375,128.76,0.00,-128.76,80.98,0.00,None,NULL
113-1274240-3327413,9382,32.74,0.00,-32.74,65.61,0.00,None,NULL
114-3339353-1643429,9390,52.78,0.00,-52.78,73.21,0.00,None,NULL
112-5825141-8485814,8920,-22.75,0.00,22.75,None,NULL,None,NULL
114-3339353-1643429,9391,123.56,0.00,-123.56,82.93,0.00,None,NULL
112-0050569-9081062,9388,15.37,0.00,-15.37,56.95,0.00,None,NULL
111-6918971-9542654,9754,-7.57,0.00,7.57,None,NULL,None,NULL
114-5087810-2625004,9233,-31.75,0.00,31.75,None,NULL,None,NULL
112-4137360-2521861,9398,75.67,0.00,-75.67,76.43,0.00,None,NULL
113-8896135-0025033,9397,177.76,0.00,-177.76,71.39,0.00,None,NULL
112-1326952-8463440,9605,122.08,-9.04,-131.12,96.39,-6.07,2671.33,NULL
114-8466763-7249010,8002,7.24,-5.77,-13.01,16.94,-13.50,22.57,-21.38
111-7228847-0559439,9613,51.08,-6.09,-57.17,92.5,-9.37,1233.82,NULL
111-5723089-5331428,8003,12.51,-11.76,-24.27,22.52,-18.00,29.07,-35.38
114-4707055-7829842,10046,-4.25,0.00,4.25,None,NULL,None,NULL
113-0285008-7986673,9376,31.58,0.00,-31.58,63.17,0.00,None,NULL
114-5054669-4795403,8730,97.23,-3.43,-100.66,85.0,-3.00,None,NULL
112-3852487-1572217,9419,31.58,0.00,-31.58,63.17,0.00,None,NULL
114-8868275-4325803,9236,-9.62,0.00,9.62,None,NULL,None,NULL
112-6414336-1557068,9614,71.63,-7.54,-79.17,93.67,-8.38,1479.96,NULL
113-5060232-9427427,1189,45.03,0.00,-45.03,69.36,0.00,443.65,NULL
112-2702579-8451413,6524,-170.19,-161.79,8.40,-64.42,-61.24,-43.11,-41.88
111-7751533-9189045,7924,-7.34,0.00,7.34,None,NULL,None,NULL
114-9346837-2204219,9615,42.49,0.00,-42.49,70.85,0.00,None,NULL
111-2718266-4681868,9618,40.15,0.00,-40.15,67.21,0.00,None,NULL
113-6210395-5981811,9617,121.94,-9.18,-131.12,96.28,-6.16,2588.96,NULL
112-7113716-5784235,9619,19.67,0.00,-19.67,57.08,0.00,None,NULL
114-4535575-5221029,9422,138.69,0.00,-138.69,79.49,0.00,None,NULL
112-9950649-9070606,9420,115.88,0.00,-115.88,77.77,0.00,None,NULL
114-4257125-3583428,9424,45.9,0.00,-45.90,71.72,0.00,None,NULL
112-2693353-1354648,9393,128.4,0.00,-128.40,80.27,0.00,None,NULL
114-9749135-7938604,9620,-58.78,0.00,58.78,-39.52,0.00,-28.33,0.00
111-8749067-3261018,9353,-9.62,0.00,9.62,None,NULL,None,NULL
113-9029345-1609054,9423,42.49,0.00,-42.49,70.85,0.00,None,NULL
114-3526640-8112220,9394,29.74,0.00,-29.74,66.13,0.00,None,NULL
114-3245151-6096258,9624,-9.43,0.00,9.43,-21.59,0.00,-17.76,0.00
112-5124607-8817018,9621,-36.01,0.00,36.01,-25.07,0.00,-20.04,0.00
113-8644781-1926651,7875,344.86,0.00,-344.86,88.0,0.00,None,NULL
111-8294544-1293866,9239,15.32,0.00,-15.32,46.44,0.00,None,NULL
114-5916352-2508210,1223,-10.15,0.00,10.15,None,NULL,None,NULL
114-6392551-8683441,9425,24.5,0.00,-24.50,64.94,0.00,None,NULL
114-9197098-9809834,9628,-22.46,0.00,22.46,-33.03,0.00,-24.83,0.00
112-5181464-2802650,9625,-13.56,0.00,13.56,-39.92,0.00,-28.53,0.00
112-5181464-2802650,9626,-11.76,0.00,11.76,-49.47,0.00,-33.1,0.00
114-4216533-0221054,9627,50.65,-6.52,-57.17,91.72,-10.04,1108.32,NULL
111-9777438-0679431,9428,109.65,0.00,-109.65,78.88,0.00,None,NULL
113-8579242-3645017,9106,132.94,-8.37,-141.31,96.64,-5.35,2877.49,NULL
112-2051183-4793832,9431,23.17,0.00,-23.17,64.41,0.00,None,NULL
114-8672366-5566627,7970,386.96,0.00,-386.96,81.87,0.00,None,NULL
113-2693433-1833825,1230,-8.29,0.00,8.29,None,NULL,None,NULL
114-2135446-8237062,1187,613.34,-139.46,-752.80,17.65,-4.01,25.08,-5.84
112-2534372-4303422,9635,-34.39,0.00,34.39,-27.15,0.00,-21.35,0.00
112-7774399-3650653,9629,-30.5,0.00,30.50,-18.88,0.00,-15.88,0.00
111-8619994-0439453,9817,-4.71,-19.84,-15.13,-0.85,-3.15,-0.84,-3.58
113-7377953-5169064,9630,-63.94,0.00,63.94,-32.85,0.00,-24.73,0.00
114-8206359-0555451,9631,-91.55,0.00,91.55,-29.81,0.00,-22.96,0.00
113-2795281-8394657,7975,77.57,0.00,-77.57,77.65,0.00,1056.81,NULL
111-7679248-6874607,7965,1.25,-11.19,-12.44,1.16,-10.37,1.42,-13.85
113-1729546-8409818,9781,3.07,-9.78,-12.85,8.44,-22.86,9.22,-39.44
114-8560583-0225042,9365,-13.56,0.00,13.56,-39.92,0.00,-28.53,0.00
114-5545092-2837854,9308,-208.74,-9.64,199.10,-130.48,-6.03,-61.42,-2.84
112-5869982-5688233,9934,23.12,-12.11,-35.23,15.42,-6.87,18.23,-10.09
111-2319159-7199421,7974,12.97,-7.23,-20.20,20.18,-11.25,28.09,-18.09
111-9629068-7697002,7986,30.55,-13.13,-43.68,16.98,-7.30,23.9,-11.03
112-6916767-3066635,9237,-11.34,0.00,11.34,None,NULL,None,NULL
114-7895623-2623443,9240,32.87,0.00,-32.87,65.75,0.00,None,NULL
111-1548384-7834635,1213,6.06,-10.86,-16.92,13.6,-24.37,19.04,-48.70
111-0776851-8694617,1065,-15.0,-6.70,8.30,0.0,NULL,-324.68,NULL
112-5546426-3218651,7992,271.27,0.00,-271.27,97.03,0.00,3272.26,NULL
114-3932911-6948245,9402,138.36,0.00,-138.36,82.92,0.00,None,NULL
111-9464322-3784219,9242,14.03,0.00,-14.03,46.81,0.00,None,NULL
111-8898014-7020204,9241,63.05,0.00,-63.05,63.06,0.00,None,NULL
111-9174901-7259449,9440,37.86,0.00,-37.86,76.42,0.00,None,NULL
113-9972801-5433021,9411,26.4,0.00,-26.40,66.05,0.00,None,NULL
111-6911183-0246668,9410,99.02,0.00,-99.02,76.76,0.00,None,NULL
111-0389243-7413856,9560,130.53,-9.39,-139.92,96.58,-5.91,2825.32,NULL
111-5543386-8711443,9438,106.27,0.00,-106.27,70.89,0.00,None,NULL
114-6636650-0577869,9464,113.84,0.00,-113.84,81.9,0.00,None,NULL
112-9399881-8610632,9454,122.64,0.00,-122.64,82.31,0.00,None,NULL
111-8460595-0535420,9874,141.62,0.00,-141.62,77.75,0.00,None,NULL
112-4243054-9982623,9346,258.55,-11.75,-270.30,98.26,-3.93,5657.55,NULL
111-4856265-0358612,9452,42.49,0.00,-42.49,70.85,0.00,None,NULL
112-8956456-8750652,9451,428.46,0.00,-428.46,85.86,0.00,None,NULL
112-1012662-6109035,9447,255.52,0.00,-255.52,83.86,0.00,None,NULL
112-0514527-8752218,9465,22.16,0.00,-22.16,63.37,0.00,None,NULL
111-1828685-1946601,9443,24.35,0.00,-24.35,60.92,0.00,None,NULL
113-7520790-0315458,9506,74.71,0.00,-74.71,76.31,0.00,None,NULL
113-1379895-2901820,9462,26.4,0.00,-26.40,66.05,0.00,None,NULL
113-7446428-8089854,9461,22.16,0.00,-22.16,63.37,0.00,None,NULL
111-2834278-5209018,9483,48.33,0.00,-48.33,62.76,0.00,None,NULL
112-2127647-2512227,9473,104.27,0.00,-104.27,80.83,0.00,None,NULL
113-4762426-3352208,9954,70.29,0.00,-70.29,72.57,0.00,None,NULL
112-6222295-4802622,9504,69.06,0.00,-69.06,70.47,0.00,None,NULL
113-8010077-6449810,9254,-8.48,0.00,8.48,None,NULL,None,NULL
113-4790328-6033041,10048,110.16,-12.67,-122.83,78.92,-9.08,None,NULL
114-9866712-0774602,10055,50.64,-11.75,-62.39,71.42,-16.57,None,NULL
114-4007660-3282618,9255,-1.27,0.00,1.27,-14.98,0.00,None,NULL
114-1396562-3721060,9511,49.89,0.00,-49.89,69.09,0.00,None,NULL
114-7132571-9666604,9508,69.84,0.00,-69.84,78.47,0.00,None,NULL
112-3041040-1588239,9357,135.56,-9.35,-144.91,82.32,-5.68,None,NULL
111-7477916-8845066,9512,22.16,0.00,-22.16,63.37,0.00,None,NULL
114-5636254-3237848,9513,21.69,0.00,-21.69,63.03,0.00,None,NULL
113-7316075-9821045,9515,54.07,0.00,-54.07,73.09,0.00,None,NULL
113-7524540-5335446,9505,-12.23,0.00,12.23,None,NULL,None,NULL
114-8139882-4787414,10088,-4.25,0.00,4.25,None,NULL,None,NULL
112-3453627-6833825,9522,31.83,0.00,-31.83,63.67,0.00,None,NULL
112-5858520-5376269,9524,23.01,0.00,-23.01,63.97,0.00,None,NULL
113-1704440-7612223,8259,-18.61,0.00,18.61,None,NULL,None,NULL
113-0880360-1969812,7112,7.77,-10.07,-17.84,16.54,-21.44,24.17,-42.87
111-9335974-1469010,9264,-1.27,0.00,1.27,-14.98,0.00,None,NULL
113-0648110-1020252,9909,128.69,-8.20,-136.89,96.57,-5.42,2815.97,NULL
113-3367990-5640232,8610,119.79,0.00,-119.79,86.53,0.00,None,NULL
112-9202595-6356259,8280,-7.34,0.00,7.34,None,NULL,None,NULL
111-7021254-8185044,8143,156.82,0.00,-156.82,84.06,0.00,None,NULL
111-9432480-7841829,1050,-15.1,-9.70,5.40,0.0,NULL,-180.84,NULL
111-0195367-2882670,8211,26.1,0.00,-26.10,72.56,0.00,None,NULL
112-9529087-2641057,10039,36.99,0.00,-36.99,69.15,0.00,None,NULL
114-0849948-7841049,7937,37.39,0.00,-37.39,85.0,0.00,None,NULL
111-9237376-6316254,8618,48.59,0.00,-48.59,72.34,0.00,None,NULL
111-6782685-1705819,8614,-10.66,0.00,10.66,None,NULL,None,NULL
112-5334415-2465852,8124,-25.17,0.00,25.17,None,NULL,None,NULL
114-3757894-5449833,8247,664.32,0.00,-664.32,90.99,0.00,None,NULL
113-0069075-5272279,7916,475.09,0.00,-475.09,88.0,0.00,None,NULL
112-1301683-2747401,7925,-7.34,0.00,7.34,None,NULL,None,NULL
114-2483705-1160252,8738,94.33,0.00,-94.33,78.69,0.00,None,NULL
114-0412335-4084210,9274,153.09,0.00,-153.09,67.44,0.00,None,NULL
112-2499194-8345834,9065,37.65,-9.17,-46.82,70.77,-17.24,None,NULL
111-3918229-5641066,8368,38.51,0.00,-38.51,73.69,0.00,None,NULL
113-3879032-6538613,8152,-25.17,0.00,25.17,None,NULL,None,NULL
112-8308451-5387456,8158,-70.47,0.00,70.47,None,NULL,None,NULL
113-2265779-0105064,9912,-12.04,0.00,12.04,None,NULL,None,NULL
112-4379282-0894656,7946,-8.29,0.00,8.29,None,NULL,None,NULL
112-8124309-4891448,8177,-7.34,0.00,7.34,None,NULL,None,NULL
113-1981735-8241038,980,-12.95,-7.37,5.58,0.0,NULL,-216.56,NULL
114-0569479-5914616,6696,-83.37,-7.91,75.46,None,NULL,-129.46,-12.28
112-4341701-2031435,6386,-40.35,-10.45,29.90,None,NULL,-168.13,-43.54
111-8392730-3902665,7133,-295.01,-9.36,285.65,None,NULL,-118.86,-3.77
111-4056932-1325032,6873,-131.84,-12.55,119.29,None,NULL,-128.64,-12.25
114-9257204-1125867,7295,-36.58,-7.52,29.06,None,NULL,-152.99,-31.45
113-1422393-3451410,7993,12.86,0.00,-12.86,19.68,0.00,38.69,0.00
113-1154415-6137859,7998,139.64,0.00,-139.64,80.05,0.00,None,NULL
114-6458278-7915462,8295,-7.0,0.00,7.00,None,NULL,None,NULL
111-4098048-5629067,9276,86.9,0.00,-86.90,77.6,0.00,None,NULL
112-2826306-6845028,8373,-5.32,0.00,5.32,None,NULL,None,NULL
114-1063459-5633067,1106,-8.7,0.00,8.70,None,NULL,None,NULL
113-2599689-4482659,9663,46.47,0.00,-46.47,67.87,0.00,None,NULL
113-1563861-9772243,9661,46.47,0.00,-46.47,67.87,0.00,None,NULL
114-0032175-1547403,1107,-8.29,0.00,8.29,None,NULL,None,NULL
114-4998736-9562617,9541,194.67,0.00,-194.67,81.45,0.00,None,NULL
114-0495707-7707448,9958,146.84,0.00,-146.84,80.35,0.00,None,NULL
111-4646461-6802613,9540,11.67,0.00,-11.67,51.59,0.00,None,NULL
111-1039436-8913018,9772,-7.34,0.00,7.34,None,NULL,None,NULL
112-9315214-1061823,9552,54.13,0.00,-54.13,71.05,0.00,None,NULL
113-8834461-7277802,9557,208.49,0.00,-208.49,83.73,0.00,None,NULL
112-8320363-8299423,10016,-7.56,0.00,7.56,None,NULL,None,NULL
113-1466676-4026627,9556,-8.48,0.00,8.48,None,NULL,None,NULL
114-2979752-5141838,9698,74.1,0.00,-74.10,77.01,0.00,None,NULL
111-6047085-8561811,9318,35.49,0.00,-35.49,71.02,0.00,None,NULL
113-8685601-6385038,9337,73.49,0.00,-73.49,74.23,0.00,None,NULL
111-6390312-6235424,9327,99.02,0.00,-99.02,76.76,0.00,None,NULL
113-2148735-4195408,9310,39.63,0.00,-39.63,66.08,0.00,None,NULL
114-8749669-6139433,9361,23.03,0.00,-23.03,70.8,0.00,None,NULL
113-8600248-7937037,9368,99.02,-14.50,-113.52,76.76,-11.24,None,NULL
114-2040614-2263456,9392,69.75,0.00,-69.75,70.45,0.00,None,NULL
112-5116895-9313857,9408,78.24,0.00,-78.24,77.51,0.00,None,NULL
113-8238248-6578619,9468,69.84,0.00,-69.84,78.47,0.00,None,NULL
114-0683561-3697835,9550,114.61,0.00,-114.61,76.92,0.00,None,NULL
113-0177633-6345823,9497,73.05,0.00,-73.05,76.16,0.00,None,NULL
114-8241806-8749857,9500,69.84,0.00,-69.84,78.47,0.00,None,NULL
112-1636618-4662655,9531,29.22,0.00,-29.22,67.53,0.00,None,NULL
112-3836126-0616244,9502,568.38,0.00,-568.38,86.38,0.00,None,NULL
114-9368143-9443421,9547,56.16,0.00,-56.16,74.91,0.00,None,NULL
111-0531527-8231409,9528,71.5,0.00,-71.50,65.6,0.00,None,NULL
111-5662469-8281049,9586,45.44,0.00,-45.44,77.16,0.00,None,NULL
113-3364851-9573834,9583,32.85,0.00,-32.85,65.74,0.00,None,NULL
113-9379725-6105863,9587,295.08,0.00,-295.08,84.55,0.00,None,NULL
111-7240843-0745064,9585,99.02,0.00,-99.02,76.76,0.00,None,NULL
112-7454633-4104253,9584,119.09,0.00,-119.09,79.93,0.00,None,NULL
113-5613034-1988207,9970,-4.25,0.00,4.25,None,NULL,None,NULL
111-9365762-3697038,9566,31.83,0.00,-31.83,63.67,0.00,None,NULL
114-5141020-6852210,9536,-7.56,0.00,7.56,None,NULL,None,NULL
113-7455430-5670635,9595,85.91,0.00,-85.91,78.12,0.00,None,NULL
114-3002504-6398668,9598,90.67,0.00,-90.67,77.73,0.00,None,NULL
114-2844789-3619469,9601,29.22,0.00,-29.22,67.53,0.00,None,NULL
114-6156996-1531442,9603,247.65,0.00,-247.65,82.83,0.00,None,NULL
113-6508220-5604207,9600,-9.67,0.00,9.67,None,NULL,None,NULL
111-6751891-8772209,9897,-12.04,0.00,12.04,None,NULL,None,NULL
112-4937415-4029063,9608,193.02,0.00,-193.02,84.29,0.00,None,NULL
114-5118464-7393867,9611,25.51,0.00,-25.51,63.79,0.00,None,NULL
112-7676717-8972211,9610,73.49,0.00,-73.49,74.23,0.00,None,NULL
114-6779921-9233808,9607,69.06,0.00,-69.06,70.47,0.00,None,NULL
114-0230165-6793870,9609,48.94,0.00,-48.94,69.01,0.00,None,NULL
113-8489874-8473853,10024,-10.63,0.00,10.63,None,NULL,None,NULL
114-3494550-6411449,9612,75.67,0.00,-75.67,76.43,0.00,None,NULL
113-1566080-7634627,9797,-8.48,0.00,8.48,None,NULL,None,NULL
113-3836604-7072269,10163,50.98,0.00,-50.98,72.88,0.00,None,NULL
112-2358962-3707466,9719,-8.48,0.00,8.48,None,NULL,None,NULL
113-5429520-2695450,9902,-12.04,0.00,12.04,None,NULL,None,NULL
112-7250947-2665036,10164,242.76,0.00,-242.76,88.48,0.00,None,NULL
